DateKey,Date,Year,Month,MonthName,YearMonth
1,2022-01-01,2022,1,January,2022-01
2,2022-01-02,2022,1,January,2022-01
3,2022-01-03,2022,1,January,2022-01
4,2022-01-04,2022,1,January,2022-01
5,2022-01-05,2022,1,January,2022-01
6,2022-01-06,2022,1,January,2022-01
7,2022-01-07,2022,1,January,2022-01
8,2022-01-08,2022,1,January,2022-01
9,2022-01-09,2022,1,January,2022-01
10,2022-01-10,2022,1,January,2022-01
11,2022-01-11,2022,1,January,2022-01
12,2022-01-12,2022,1,January,2022-01
13,2022-01-13,2022,1,January,2022-01
14,2022-01-14,2022,1,January,2022-01
15,2022-01-15,2022,1,January,2022-01
16,2022-01-16,2022,1,January,2022-01
17,2022-01-17,2022,1,January,2022-01
18,2022-01-18,2022,1,January,2022-01
19,2022-01-19,2022,1,January,2022-01
20,2022-01-20,2022,1,January,2022-01
21,2022-01-21,2022,1,January,2022-01
22,2022-01-22,2022,1,January,2022-01
23,2022-01-23,2022,1,January,2022-01
24,2022-01-24,2022,1,January,2022-01
25,2022-01-25,2022,1,January,2022-01
26,2022-01-26,2022,1,January,2022-01
27,2022-01-27,2022,1,January,2022-01
28,2022-01-28,2022,1,January,2022-01
29,2022-01-29,2022,1,January,2022-01
30,2022-01-30,2022,1,January,2022-01
31,2022-01-31,2022,1,January,2022-01
32,2022-02-01,2022,2,February,2022-02
33,2022-02-02,2022,2,February,2022-02
34,2022-02-03,2022,2,February,2022-02
35,2022-02-04,2022,2,February,2022-02
36,2022-02-05,2022,2,February,2022-02
37,2022-02-06,2022,2,February,2022-02
38,2022-02-07,2022,2,February,2022-02
39,2022-02-08,2022,2,February,2022-02
40,2022-02-09,2022,2,February,2022-02
41,2022-02-10,2022,2,February,2022-02
42,2022-02-11,2022,2,February,2022-02
43,2022-02-12,2022,2,February,2022-02
44,2022-02-13,2022,2,February,2022-02
45,2022-02-14,2022,2,February,2022-02
46,2022-02-15,2022,2,February,2022-02
47,2022-02-16,2022,2,February,2022-02
48,2022-02-17,2022,2,February,2022-02
49,2022-02-18,2022,2,February,2022-02
50,2022-02-19,2022,2,February,2022-02
51,2022-02-20,2022,2,February,2022-02
52,2022-02-21,2022,2,February,2022-02
53,2022-02-22,2022,2,February,2022-02
54,2022-02-23,2022,2,February,2022-02
55,2022-02-24,2022,2,February,2022-02
56,2022-02-25,2022,2,February,2022-02
57,2022-02-26,2022,2,February,2022-02
58,2022-02-27,2022,2,February,2022-02
59,2022-02-28,2022,2,February,2022-02
60,2022-03-01,2022,3,March,2022-03
61,2022-03-02,2022,3,March,2022-03
62,2022-03-03,2022,3,March,2022-03
63,2022-03-04,2022,3,March,2022-03
64,2022-03-05,2022,3,March,2022-03
65,2022-03-06,2022,3,March,2022-03
66,2022-03-07,2022,3,March,2022-03
67,2022-03-08,2022,3,March,2022-03
68,2022-03-09,2022,3,March,2022-03
69,2022-03-10,2022,3,March,2022-03
70,2022-03-11,2022,3,March,2022-03
71,2022-03-12,2022,3,March,2022-03
72,2022-03-13,2022,3,March,2022-03
73,2022-03-14,2022,3,March,2022-03
74,2022-03-15,2022,3,March,2022-03
75,2022-03-16,2022,3,March,2022-03
76,2022-03-17,2022,3,March,2022-03
77,2022-03-18,2022,3,March,2022-03
78,2022-03-19,2022,3,March,2022-03
79,2022-03-20,2022,3,March,2022-03
80,2022-03-21,2022,3,March,2022-03
81,2022-03-22,2022,3,March,2022-03
82,2022-03-23,2022,3,March,2022-03
83,2022-03-24,2022,3,March,2022-03
84,2022-03-25,2022,3,March,2022-03
85,2022-03-26,2022,3,March,2022-03
86,2022-03-27,2022,3,March,2022-03
87,2022-03-28,2022,3,March,2022-03
88,2022-03-29,2022,3,March,2022-03
89,2022-03-30,2022,3,March,2022-03
90,2022-03-31,2022,3,March,2022-03
91,2022-04-01,2022,4,April,2022-04
92,2022-04-02,2022,4,April,2022-04
93,2022-04-03,2022,4,April,2022-04
94,2022-04-04,2022,4,April,2022-04
95,2022-04-05,2022,4,April,2022-04
96,2022-04-06,2022,4,April,2022-04
97,2022-04-07,2022,4,April,2022-04
98,2022-04-08,2022,4,April,2022-04
99,2022-04-09,2022,4,April,2022-04
100,2022-04-10,2022,4,April,2022-04
101,2022-04-11,2022,4,April,2022-04
102,2022-04-12,2022,4,April,2022-04
103,2022-04-13,2022,4,April,2022-04
104,2022-04-14,2022,4,April,2022-04
105,2022-04-15,2022,4,April,2022-04
106,2022-04-16,2022,4,April,2022-04
107,2022-04-17,2022,4,April,2022-04
108,2022-04-18,2022,4,April,2022-04
109,2022-04-19,2022,4,April,2022-04
110,2022-04-20,2022,4,April,2022-04
111,2022-04-21,2022,4,April,2022-04
112,2022-04-22,2022,4,April,2022-04
113,2022-04-23,2022,4,April,2022-04
114,2022-04-24,2022,4,April,2022-04
115,2022-04-25,2022,4,April,2022-04
116,2022-04-26,2022,4,April,2022-04
117,2022-04-27,2022,4,April,2022-04
118,2022-04-28,2022,4,April,2022-04
119,2022-04-29,2022,4,April,2022-04
120,2022-04-30,2022,4,April,2022-04
121,2022-05-01,2022,5,May,2022-05
122,2022-05-02,2022,5,May,2022-05
123,2022-05-03,2022,5,May,2022-05
124,2022-05-04,2022,5,May,2022-05
125,2022-05-05,2022,5,May,2022-05
126,2022-05-06,2022,5,May,2022-05
127,2022-05-07,2022,5,May,2022-05
128,2022-05-08,2022,5,May,2022-05
129,2022-05-09,2022,5,May,2022-05
130,2022-05-10,2022,5,May,2022-05
131,2022-05-11,2022,5,May,2022-05
132,2022-05-12,2022,5,May,2022-05
133,2022-05-13,2022,5,May,2022-05
134,2022-05-14,2022,5,May,2022-05
135,2022-05-15,2022,5,May,2022-05
136,2022-05-16,2022,5,May,2022-05
137,2022-05-17,2022,5,May,2022-05
138,2022-05-18,2022,5,May,2022-05
139,2022-05-19,2022,5,May,2022-05
140,2022-05-20,2022,5,May,2022-05
141,2022-05-21,2022,5,May,2022-05
142,2022-05-22,2022,5,May,2022-05
143,2022-05-23,2022,5,May,2022-05
144,2022-05-24,2022,5,May,2022-05
145,2022-05-25,2022,5,May,2022-05
146,2022-05-26,2022,5,May,2022-05
147,2022-05-27,2022,5,May,2022-05
148,2022-05-28,2022,5,May,2022-05
149,2022-05-29,2022,5,May,2022-05
150,2022-05-30,2022,5,May,2022-05
151,2022-05-31,2022,5,May,2022-05
152,2022-06-01,2022,6,June,2022-06
153,2022-06-02,2022,6,June,2022-06
154,2022-06-03,2022,6,June,2022-06
155,2022-06-04,2022,6,June,2022-06
156,2022-06-05,2022,6,June,2022-06
157,2022-06-06,2022,6,June,2022-06
158,2022-06-07,2022,6,June,2022-06
159,2022-06-08,2022,6,June,2022-06
160,2022-06-09,2022,6,June,2022-06
161,2022-06-10,2022,6,June,2022-06
162,2022-06-11,2022,6,June,2022-06
163,2022-06-12,2022,6,June,2022-06
164,2022-06-13,2022,6,June,2022-06
165,2022-06-14,2022,6,June,2022-06
166,2022-06-15,2022,6,June,2022-06
167,2022-06-16,2022,6,June,2022-06
168,2022-06-17,2022,6,June,2022-06
169,2022-06-18,2022,6,June,2022-06
170,2022-06-19,2022,6,June,2022-06
171,2022-06-20,2022,6,June,2022-06
172,2022-06-21,2022,6,June,2022-06
173,2022-06-22,2022,6,June,2022-06
174,2022-06-23,2022,6,June,2022-06
175,2022-06-24,2022,6,June,2022-06
176,2022-06-25,2022,6,June,2022-06
177,2022-06-26,2022,6,June,2022-06
178,2022-06-27,2022,6,June,2022-06
179,2022-06-28,2022,6,June,2022-06
180,2022-06-29,2022,6,June,2022-06
181,2022-06-30,2022,6,June,2022-06
182,2022-07-01,2022,7,July,2022-07
183,2022-07-02,2022,7,July,2022-07
184,2022-07-03,2022,7,July,2022-07
185,2022-07-04,2022,7,July,2022-07
186,2022-07-05,2022,7,July,2022-07
187,2022-07-06,2022,7,July,2022-07
188,2022-07-07,2022,7,July,2022-07
189,2022-07-08,2022,7,July,2022-07
190,2022-07-09,2022,7,July,2022-07
191,2022-07-10,2022,7,July,2022-07
192,2022-07-11,2022,7,July,2022-07
193,2022-07-12,2022,7,July,2022-07
194,2022-07-13,2022,7,July,2022-07
195,2022-07-14,2022,7,July,2022-07
196,2022-07-15,2022,7,July,2022-07
197,2022-07-16,2022,7,July,2022-07
198,2022-07-17,2022,7,July,2022-07
199,2022-07-18,2022,7,July,2022-07
200,2022-07-19,2022,7,July,2022-07
201,2022-07-20,2022,7,July,2022-07
202,2022-07-21,2022,7,July,2022-07
203,2022-07-22,2022,7,July,2022-07
204,2022-07-23,2022,7,July,2022-07
205,2022-07-24,2022,7,July,2022-07
206,2022-07-25,2022,7,July,2022-07
207,2022-07-26,2022,7,July,2022-07
208,2022-07-27,2022,7,July,2022-07
209,2022-07-28,2022,7,July,2022-07
210,2022-07-29,2022,7,July,2022-07
211,2022-07-30,2022,7,July,2022-07
212,2022-07-31,2022,7,July,2022-07
213,2022-08-01,2022,8,August,2022-08
214,2022-08-02,2022,8,August,2022-08
215,2022-08-03,2022,8,August,2022-08
216,2022-08-04,2022,8,August,2022-08
217,2022-08-05,2022,8,August,2022-08
218,2022-08-06,2022,8,August,2022-08
219,2022-08-07,2022,8,August,2022-08
220,2022-08-08,2022,8,August,2022-08
221,2022-08-09,2022,8,August,2022-08
222,2022-08-10,2022,8,August,2022-08
223,2022-08-11,2022,8,August,2022-08
224,2022-08-12,2022,8,August,2022-08
225,2022-08-13,2022,8,August,2022-08
226,2022-08-14,2022,8,August,2022-08
227,2022-08-15,2022,8,August,2022-08
228,2022-08-16,2022,8,August,2022-08
229,2022-08-17,2022,8,August,2022-08
230,2022-08-18,2022,8,August,2022-08
231,2022-08-19,2022,8,August,2022-08
232,2022-08-20,2022,8,August,2022-08
233,2022-08-21,2022,8,August,2022-08
234,2022-08-22,2022,8,August,2022-08
235,2022-08-23,2022,8,August,2022-08
236,2022-08-24,2022,8,August,2022-08
237,2022-08-25,2022,8,August,2022-08
238,2022-08-26,2022,8,August,2022-08
239,2022-08-27,2022,8,August,2022-08
240,2022-08-28,2022,8,August,2022-08
241,2022-08-29,2022,8,August,2022-08
242,2022-08-30,2022,8,August,2022-08
243,2022-08-31,2022,8,August,2022-08
244,2022-09-01,2022,9,September,2022-09
245,2022-09-02,2022,9,September,2022-09
246,2022-09-03,2022,9,September,2022-09
247,2022-09-04,2022,9,September,2022-09
248,2022-09-05,2022,9,September,2022-09
249,2022-09-06,2022,9,September,2022-09
250,2022-09-07,2022,9,September,2022-09
251,2022-09-08,2022,9,September,2022-09
252,2022-09-09,2022,9,September,2022-09
253,2022-09-10,2022,9,September,2022-09
254,2022-09-11,2022,9,September,2022-09
255,2022-09-12,2022,9,September,2022-09
256,2022-09-13,2022,9,September,2022-09
257,2022-09-14,2022,9,September,2022-09
258,2022-09-15,2022,9,September,2022-09
259,2022-09-16,2022,9,September,2022-09
260,2022-09-17,2022,9,September,2022-09
261,2022-09-18,2022,9,September,2022-09
262,2022-09-19,2022,9,September,2022-09
263,2022-09-20,2022,9,September,2022-09
264,2022-09-21,2022,9,September,2022-09
265,2022-09-22,2022,9,September,2022-09
266,2022-09-23,2022,9,September,2022-09
267,2022-09-24,2022,9,September,2022-09
268,2022-09-25,2022,9,September,2022-09
269,2022-09-26,2022,9,September,2022-09
270,2022-09-27,2022,9,September,2022-09
271,2022-09-28,2022,9,September,2022-09
272,2022-09-29,2022,9,September,2022-09
273,2022-09-30,2022,9,September,2022-09
274,2022-10-01,2022,10,October,2022-10
275,2022-10-02,2022,10,October,2022-10
276,2022-10-03,2022,10,October,2022-10
277,2022-10-04,2022,10,October,2022-10
278,2022-10-05,2022,10,October,2022-10
279,2022-10-06,2022,10,October,2022-10
280,2022-10-07,2022,10,October,2022-10
281,2022-10-08,2022,10,October,2022-10
282,2022-10-09,2022,10,October,2022-10
283,2022-10-10,2022,10,October,2022-10
284,2022-10-11,2022,10,October,2022-10
285,2022-10-12,2022,10,October,2022-10
286,2022-10-13,2022,10,October,2022-10
287,2022-10-14,2022,10,October,2022-10
288,2022-10-15,2022,10,October,2022-10
289,2022-10-16,2022,10,October,2022-10
290,2022-10-17,2022,10,October,2022-10
291,2022-10-18,2022,10,October,2022-10
292,2022-10-19,2022,10,October,2022-10
293,2022-10-20,2022,10,October,2022-10
294,2022-10-21,2022,10,October,2022-10
295,2022-10-22,2022,10,October,2022-10
296,2022-10-23,2022,10,October,2022-10
297,2022-10-24,2022,10,October,2022-10
298,2022-10-25,2022,10,October,2022-10
299,2022-10-26,2022,10,October,2022-10
300,2022-10-27,2022,10,October,2022-10
301,2022-10-28,2022,10,October,2022-10
302,2022-10-29,2022,10,October,2022-10
303,2022-10-30,2022,10,October,2022-10
304,2022-10-31,2022,10,October,2022-10
305,2022-11-01,2022,11,November,2022-11
306,2022-11-02,2022,11,November,2022-11
307,2022-11-03,2022,11,November,2022-11
308,2022-11-04,2022,11,November,2022-11
309,2022-11-05,2022,11,November,2022-11
310,2022-11-06,2022,11,November,2022-11
311,2022-11-07,2022,11,November,2022-11
312,2022-11-08,2022,11,November,2022-11
313,2022-11-09,2022,11,November,2022-11
314,2022-11-10,2022,11,November,2022-11
315,2022-11-11,2022,11,November,2022-11
316,2022-11-12,2022,11,November,2022-11
317,2022-11-13,2022,11,November,2022-11
318,2022-11-14,2022,11,November,2022-11
319,2022-11-15,2022,11,November,2022-11
320,2022-11-16,2022,11,November,2022-11
321,2022-11-17,2022,11,November,2022-11
322,2022-11-18,2022,11,November,2022-11
323,2022-11-19,2022,11,November,2022-11
324,2022-11-20,2022,11,November,2022-11
325,2022-11-21,2022,11,November,2022-11
326,2022-11-22,2022,11,November,2022-11
327,2022-11-23,2022,11,November,2022-11
328,2022-11-24,2022,11,November,2022-11
329,2022-11-25,2022,11,November,2022-11
330,2022-11-26,2022,11,November,2022-11
331,2022-11-27,2022,11,November,2022-11
332,2022-11-28,2022,11,November,2022-11
333,2022-11-29,2022,11,November,2022-11
334,2022-11-30,2022,11,November,2022-11
335,2022-12-01,2022,12,December,2022-12
336,2022-12-02,2022,12,December,2022-12
337,2022-12-03,2022,12,December,2022-12
338,2022-12-04,2022,12,December,2022-12
339,2022-12-05,2022,12,December,2022-12
340,2022-12-06,2022,12,December,2022-12
341,2022-12-07,2022,12,December,2022-12
342,2022-12-08,2022,12,December,2022-12
343,2022-12-09,2022,12,December,2022-12
344,2022-12-10,2022,12,December,2022-12
345,2022-12-11,2022,12,December,2022-12
346,2022-12-12,2022,12,December,2022-12
347,2022-12-13,2022,12,December,2022-12
348,2022-12-14,2022,12,December,2022-12
349,2022-12-15,2022,12,December,2022-12
350,2022-12-16,2022,12,December,2022-12
351,2022-12-17,2022,12,December,2022-12
352,2022-12-18,2022,12,December,2022-12
353,2022-12-19,2022,12,December,2022-12
354,2022-12-20,2022,12,December,2022-12
355,2022-12-21,2022,12,December,2022-12
356,2022-12-22,2022,12,December,2022-12
357,2022-12-23,2022,12,December,2022-12
358,2022-12-24,2022,12,December,2022-12
359,2022-12-25,2022,12,December,2022-12
360,2022-12-26,2022,12,December,2022-12
361,2022-12-27,2022,12,December,2022-12
362,2022-12-28,2022,12,December,2022-12
363,2022-12-29,2022,12,December,2022-12
364,2022-12-30,2022,12,December,2022-12
365,2022-12-31,2022,12,December,2022-12
366,2023-01-01,2023,1,January,2023-01
367,2023-01-02,2023,1,January,2023-01
368,2023-01-03,2023,1,January,2023-01
369,2023-01-04,2023,1,January,2023-01
370,2023-01-05,2023,1,January,2023-01
371,2023-01-06,2023,1,January,2023-01
372,2023-01-07,2023,1,January,2023-01
373,2023-01-08,2023,1,January,2023-01
374,2023-01-09,2023,1,January,2023-01
375,2023-01-10,2023,1,January,2023-01
376,2023-01-11,2023,1,January,2023-01
377,2023-01-12,2023,1,January,2023-01
378,2023-01-13,2023,1,January,2023-01
379,2023-01-14,2023,1,January,2023-01
380,2023-01-15,2023,1,January,2023-01
381,2023-01-16,2023,1,January,2023-01
382,2023-01-17,2023,1,January,2023-01
383,2023-01-18,2023,1,January,2023-01
384,2023-01-19,2023,1,January,2023-01
385,2023-01-20,2023,1,January,2023-01
386,2023-01-21,2023,1,January,2023-01
387,2023-01-22,2023,1,January,2023-01
388,2023-01-23,2023,1,January,2023-01
389,2023-01-24,2023,1,January,2023-01
390,2023-01-25,2023,1,January,2023-01
391,2023-01-26,2023,1,January,2023-01
392,2023-01-27,2023,1,January,2023-01
393,2023-01-28,2023,1,January,2023-01
394,2023-01-29,2023,1,January,2023-01
395,2023-01-30,2023,1,January,2023-01
396,2023-01-31,2023,1,January,2023-01
397,2023-02-01,2023,2,February,2023-02
398,2023-02-02,2023,2,February,2023-02
399,2023-02-03,2023,2,February,2023-02
400,2023-02-04,2023,2,February,2023-02
401,2023-02-05,2023,2,February,2023-02
402,2023-02-06,2023,2,February,2023-02
403,2023-02-07,2023,2,February,2023-02
404,2023-02-08,2023,2,February,2023-02
405,2023-02-09,2023,2,February,2023-02
406,2023-02-10,2023,2,February,2023-02
407,2023-02-11,2023,2,February,2023-02
408,2023-02-12,2023,2,February,2023-02
409,2023-02-13,2023,2,February,2023-02
410,2023-02-14,2023,2,February,2023-02
411,2023-02-15,2023,2,February,2023-02
412,2023-02-16,2023,2,February,2023-02
413,2023-02-17,2023,2,February,2023-02
414,2023-02-18,2023,2,February,2023-02
415,2023-02-19,2023,2,February,2023-02
416,2023-02-20,2023,2,February,2023-02
417,2023-02-21,2023,2,February,2023-02
418,2023-02-22,2023,2,February,2023-02
419,2023-02-23,2023,2,February,2023-02
420,2023-02-24,2023,2,February,2023-02
421,2023-02-25,2023,2,February,2023-02
422,2023-02-26,2023,2,February,2023-02
423,2023-02-27,2023,2,February,2023-02
424,2023-02-28,2023,2,February,2023-02
425,2023-03-01,2023,3,March,2023-03
426,2023-03-02,2023,3,March,2023-03
427,2023-03-03,2023,3,March,2023-03
428,2023-03-04,2023,3,March,2023-03
429,2023-03-05,2023,3,March,2023-03
430,2023-03-06,2023,3,March,2023-03
431,2023-03-07,2023,3,March,2023-03
432,2023-03-08,2023,3,March,2023-03
433,2023-03-09,2023,3,March,2023-03
434,2023-03-10,2023,3,March,2023-03
435,2023-03-11,2023,3,March,2023-03
436,2023-03-12,2023,3,March,2023-03
437,2023-03-13,2023,3,March,2023-03
438,2023-03-14,2023,3,March,2023-03
439,2023-03-15,2023,3,March,2023-03
440,2023-03-16,2023,3,March,2023-03
441,2023-03-17,2023,3,March,2023-03
442,2023-03-18,2023,3,March,2023-03
443,2023-03-19,2023,3,March,2023-03
444,2023-03-20,2023,3,March,2023-03
445,2023-03-21,2023,3,March,2023-03
446,2023-03-22,2023,3,March,2023-03
447,2023-03-23,2023,3,March,2023-03
448,2023-03-24,2023,3,March,2023-03
449,2023-03-25,2023,3,March,2023-03
450,2023-03-26,2023,3,March,2023-03
451,2023-03-27,2023,3,March,2023-03
452,2023-03-28,2023,3,March,2023-03
453,2023-03-29,2023,3,March,2023-03
454,2023-03-30,2023,3,March,2023-03
455,2023-03-31,2023,3,March,2023-03
456,2023-04-01,2023,4,April,2023-04
457,2023-04-02,2023,4,April,2023-04
458,2023-04-03,2023,4,April,2023-04
459,2023-04-04,2023,4,April,2023-04
460,2023-04-05,2023,4,April,2023-04
461,2023-04-06,2023,4,April,2023-04
462,2023-04-07,2023,4,April,2023-04
463,2023-04-08,2023,4,April,2023-04
464,2023-04-09,2023,4,April,2023-04
465,2023-04-10,2023,4,April,2023-04
466,2023-04-11,2023,4,April,2023-04
467,2023-04-12,2023,4,April,2023-04
468,2023-04-13,2023,4,April,2023-04
469,2023-04-14,2023,4,April,2023-04
470,2023-04-15,2023,4,April,2023-04
471,2023-04-16,2023,4,April,2023-04
472,2023-04-17,2023,4,April,2023-04
473,2023-04-18,2023,4,April,2023-04
474,2023-04-19,2023,4,April,2023-04
475,2023-04-20,2023,4,April,2023-04
476,2023-04-21,2023,4,April,2023-04
477,2023-04-22,2023,4,April,2023-04
478,2023-04-23,2023,4,April,2023-04
479,2023-04-24,2023,4,April,2023-04
480,2023-04-25,2023,4,April,2023-04
481,2023-04-26,2023,4,April,2023-04
482,2023-04-27,2023,4,April,2023-04
483,2023-04-28,2023,4,April,2023-04
484,2023-04-29,2023,4,April,2023-04
485,2023-04-30,2023,4,April,2023-04
486,2023-05-01,2023,5,May,2023-05
487,2023-05-02,2023,5,May,2023-05
488,2023-05-03,2023,5,May,2023-05
489,2023-05-04,2023,5,May,2023-05
490,2023-05-05,2023,5,May,2023-05
491,2023-05-06,2023,5,May,2023-05
492,2023-05-07,2023,5,May,2023-05
493,2023-05-08,2023,5,May,2023-05
494,2023-05-09,2023,5,May,2023-05
495,2023-05-10,2023,5,May,2023-05
496,2023-05-11,2023,5,May,2023-05
497,2023-05-12,2023,5,May,2023-05
498,2023-05-13,2023,5,May,2023-05
499,2023-05-14,2023,5,May,2023-05
500,2023-05-15,2023,5,May,2023-05
501,2023-05-16,2023,5,May,2023-05
502,2023-05-17,2023,5,May,2023-05
503,2023-05-18,2023,5,May,2023-05
504,2023-05-19,2023,5,May,2023-05
505,2023-05-20,2023,5,May,2023-05
506,2023-05-21,2023,5,May,2023-05
507,2023-05-22,2023,5,May,2023-05
508,2023-05-23,2023,5,May,2023-05
509,2023-05-24,2023,5,May,2023-05
510,2023-05-25,2023,5,May,2023-05
511,2023-05-26,2023,5,May,2023-05
512,2023-05-27,2023,5,May,2023-05
513,2023-05-28,2023,5,May,2023-05
514,2023-05-29,2023,5,May,2023-05
515,2023-05-30,2023,5,May,2023-05
516,2023-05-31,2023,5,May,2023-05
517,2023-06-01,2023,6,June,2023-06
518,2023-06-02,2023,6,June,2023-06
519,2023-06-03,2023,6,June,2023-06
520,2023-06-04,2023,6,June,2023-06
521,2023-06-05,2023,6,June,2023-06
522,2023-06-06,2023,6,June,2023-06
523,2023-06-07,2023,6,June,2023-06
524,2023-06-08,2023,6,June,2023-06
525,2023-06-09,2023,6,June,2023-06
526,2023-06-10,2023,6,June,2023-06
527,2023-06-11,2023,6,June,2023-06
528,2023-06-12,2023,6,June,2023-06
529,2023-06-13,2023,6,June,2023-06
530,2023-06-14,2023,6,June,2023-06
531,2023-06-15,2023,6,June,2023-06
532,2023-06-16,2023,6,June,2023-06
533,2023-06-17,2023,6,June,2023-06
534,2023-06-18,2023,6,June,2023-06
535,2023-06-19,2023,6,June,2023-06
536,2023-06-20,2023,6,June,2023-06
537,2023-06-21,2023,6,June,2023-06
538,2023-06-22,2023,6,June,2023-06
539,2023-06-23,2023,6,June,2023-06
540,2023-06-24,2023,6,June,2023-06
541,2023-06-25,2023,6,June,2023-06
542,2023-06-26,2023,6,June,2023-06
543,2023-06-27,2023,6,June,2023-06
544,2023-06-28,2023,6,June,2023-06
545,2023-06-29,2023,6,June,2023-06
546,2023-06-30,2023,6,June,2023-06
547,2023-07-01,2023,7,July,2023-07
548,2023-07-02,2023,7,July,2023-07
549,2023-07-03,2023,7,July,2023-07
550,2023-07-04,2023,7,July,2023-07
551,2023-07-05,2023,7,July,2023-07
552,2023-07-06,2023,7,July,2023-07
553,2023-07-07,2023,7,July,2023-07
554,2023-07-08,2023,7,July,2023-07
555,2023-07-09,2023,7,July,2023-07
556,2023-07-10,2023,7,July,2023-07
557,2023-07-11,2023,7,July,2023-07
558,2023-07-12,2023,7,July,2023-07
559,2023-07-13,2023,7,July,2023-07
560,2023-07-14,2023,7,July,2023-07
561,2023-07-15,2023,7,July,2023-07
562,2023-07-16,2023,7,July,2023-07
563,2023-07-17,2023,7,July,2023-07
564,2023-07-18,2023,7,July,2023-07
565,2023-07-19,2023,7,July,2023-07
566,2023-07-20,2023,7,July,2023-07
567,2023-07-21,2023,7,July,2023-07
568,2023-07-22,2023,7,July,2023-07
569,2023-07-23,2023,7,July,2023-07
570,2023-07-24,2023,7,July,2023-07
571,2023-07-25,2023,7,July,2023-07
572,2023-07-26,2023,7,July,2023-07
573,2023-07-27,2023,7,July,2023-07
574,2023-07-28,2023,7,July,2023-07
575,2023-07-29,2023,7,July,2023-07
576,2023-07-30,2023,7,July,2023-07
577,2023-07-31,2023,7,July,2023-07
578,2023-08-01,2023,8,August,2023-08
579,2023-08-02,2023,8,August,2023-08
580,2023-08-03,2023,8,August,2023-08
581,2023-08-04,2023,8,August,2023-08
582,2023-08-05,2023,8,August,2023-08
583,2023-08-06,2023,8,August,2023-08
584,2023-08-07,2023,8,August,2023-08
585,2023-08-08,2023,8,August,2023-08
586,2023-08-09,2023,8,August,2023-08
587,2023-08-10,2023,8,August,2023-08
588,2023-08-11,2023,8,August,2023-08
589,2023-08-12,2023,8,August,2023-08
590,2023-08-13,2023,8,August,2023-08
591,2023-08-14,2023,8,August,2023-08
592,2023-08-15,2023,8,August,2023-08
593,2023-08-16,2023,8,August,2023-08
594,2023-08-17,2023,8,August,2023-08
595,2023-08-18,2023,8,August,2023-08
596,2023-08-19,2023,8,August,2023-08
597,2023-08-20,2023,8,August,2023-08
598,2023-08-21,2023,8,August,2023-08
599,2023-08-22,2023,8,August,2023-08
600,2023-08-23,2023,8,August,2023-08
601,2023-08-24,2023,8,August,2023-08
602,2023-08-25,2023,8,August,2023-08
603,2023-08-26,2023,8,August,2023-08
604,2023-08-27,2023,8,August,2023-08
605,2023-08-28,2023,8,August,2023-08
606,2023-08-29,2023,8,August,2023-08
607,2023-08-30,2023,8,August,2023-08
608,2023-08-31,2023,8,August,2023-08
609,2023-09-01,2023,9,September,2023-09
610,2023-09-02,2023,9,September,2023-09
611,2023-09-03,2023,9,September,2023-09
612,2023-09-04,2023,9,September,2023-09
613,2023-09-05,2023,9,September,2023-09
614,2023-09-06,2023,9,September,2023-09
615,2023-09-07,2023,9,September,2023-09
616,2023-09-08,2023,9,September,2023-09
617,2023-09-09,2023,9,September,2023-09
618,2023-09-10,2023,9,September,2023-09
619,2023-09-11,2023,9,September,2023-09
620,2023-09-12,2023,9,September,2023-09
621,2023-09-13,2023,9,September,2023-09
622,2023-09-14,2023,9,September,2023-09
623,2023-09-15,2023,9,September,2023-09
624,2023-09-16,2023,9,September,2023-09
625,2023-09-17,2023,9,September,2023-09
626,2023-09-18,2023,9,September,2023-09
627,2023-09-19,2023,9,September,2023-09
628,2023-09-20,2023,9,September,2023-09
629,2023-09-21,2023,9,September,2023-09
630,2023-09-22,2023,9,September,2023-09
631,2023-09-23,2023,9,September,2023-09
632,2023-09-24,2023,9,September,2023-09
633,2023-09-25,2023,9,September,2023-09
634,2023-09-26,2023,9,September,2023-09
635,2023-09-27,2023,9,September,2023-09
636,2023-09-28,2023,9,September,2023-09
637,2023-09-29,2023,9,September,2023-09
638,2023-09-30,2023,9,September,2023-09
639,2023-10-01,2023,10,October,2023-10
640,2023-10-02,2023,10,October,2023-10
641,2023-10-03,2023,10,October,2023-10
642,2023-10-04,2023,10,October,2023-10
643,2023-10-05,2023,10,October,2023-10
644,2023-10-06,2023,10,October,2023-10
645,2023-10-07,2023,10,October,2023-10
646,2023-10-08,2023,10,October,2023-10
647,2023-10-09,2023,10,October,2023-10
648,2023-10-10,2023,10,October,2023-10
649,2023-10-11,2023,10,October,2023-10
650,2023-10-12,2023,10,October,2023-10
651,2023-10-13,2023,10,October,2023-10
652,2023-10-14,2023,10,October,2023-10
653,2023-10-15,2023,10,October,2023-10
654,2023-10-16,2023,10,October,2023-10
655,2023-10-17,2023,10,October,2023-10
656,2023-10-18,2023,10,October,2023-10
657,2023-10-19,2023,10,October,2023-10
658,2023-10-20,2023,10,October,2023-10
659,2023-10-21,2023,10,October,2023-10
660,2023-10-22,2023,10,October,2023-10
661,2023-10-23,2023,10,October,2023-10
662,2023-10-24,2023,10,October,2023-10
663,2023-10-25,2023,10,October,2023-10
664,2023-10-26,2023,10,October,2023-10
665,2023-10-27,2023,10,October,2023-10
666,2023-10-28,2023,10,October,2023-10
667,2023-10-29,2023,10,October,2023-10
668,2023-10-30,2023,10,October,2023-10
669,2023-10-31,2023,10,October,2023-10
670,2023-11-01,2023,11,November,2023-11
671,2023-11-02,2023,11,November,2023-11
672,2023-11-03,2023,11,November,2023-11
673,2023-11-04,2023,11,November,2023-11
674,2023-11-05,2023,11,November,2023-11
675,2023-11-06,2023,11,November,2023-11
676,2023-11-07,2023,11,November,2023-11
677,2023-11-08,2023,11,November,2023-11
678,2023-11-09,2023,11,November,2023-11
679,2023-11-10,2023,11,November,2023-11
680,2023-11-11,2023,11,November,2023-11
681,2023-11-12,2023,11,November,2023-11
682,2023-11-13,2023,11,November,2023-11
683,2023-11-14,2023,11,November,2023-11
684,2023-11-15,2023,11,November,2023-11
685,2023-11-16,2023,11,November,2023-11
686,2023-11-17,2023,11,November,2023-11
687,2023-11-18,2023,11,November,2023-11
688,2023-11-19,2023,11,November,2023-11
689,2023-11-20,2023,11,November,2023-11
690,2023-11-21,2023,11,November,2023-11
691,2023-11-22,2023,11,November,2023-11
692,2023-11-23,2023,11,November,2023-11
693,2023-11-24,2023,11,November,2023-11
694,2023-11-25,2023,11,November,2023-11
695,2023-11-26,2023,11,November,2023-11
696,2023-11-27,2023,11,November,2023-11
697,2023-11-28,2023,11,November,2023-11
698,2023-11-29,2023,11,November,2023-11
699,2023-11-30,2023,11,November,2023-11
700,2023-12-01,2023,12,December,2023-12
701,2023-12-02,2023,12,December,2023-12
702,2023-12-03,2023,12,December,2023-12
703,2023-12-04,2023,12,December,2023-12
704,2023-12-05,2023,12,December,2023-12
705,2023-12-06,2023,12,December,2023-12
706,2023-12-07,2023,12,December,2023-12
707,2023-12-08,2023,12,December,2023-12
708,2023-12-09,2023,12,December,2023-12
709,2023-12-10,2023,12,December,2023-12
710,2023-12-11,2023,12,December,2023-12
711,2023-12-12,2023,12,December,2023-12
712,2023-12-13,2023,12,December,2023-12
713,2023-12-14,2023,12,December,2023-12
714,2023-12-15,2023,12,December,2023-12
715,2023-12-16,2023,12,December,2023-12
716,2023-12-17,2023,12,December,2023-12
717,2023-12-18,2023,12,December,2023-12
718,2023-12-19,2023,12,December,2023-12
719,2023-12-20,2023,12,December,2023-12
720,2023-12-21,2023,12,December,2023-12
721,2023-12-22,2023,12,December,2023-12
722,2023-12-23,2023,12,December,2023-12
723,2023-12-24,2023,12,December,2023-12
724,2023-12-25,2023,12,December,2023-12
725,2023-12-26,2023,12,December,2023-12
726,2023-12-27,2023,12,December,2023-12
727,2023-12-28,2023,12,December,2023-12
728,2023-12-29,2023,12,December,2023-12
729,2023-12-30,2023,12,December,2023-12
730,2023-12-31,2023,12,December,2023-12
731,2024-01-01,2024,1,January,2024-01
732,2024-01-02,2024,1,January,2024-01
733,2024-01-03,2024,1,January,2024-01
734,2024-01-04,2024,1,January,2024-01
735,2024-01-05,2024,1,January,2024-01
736,2024-01-06,2024,1,January,2024-01
737,2024-01-07,2024,1,January,2024-01
738,2024-01-08,2024,1,January,2024-01
739,2024-01-09,2024,1,January,2024-01
740,2024-01-10,2024,1,January,2024-01
741,2024-01-11,2024,1,January,2024-01
742,2024-01-12,2024,1,January,2024-01
743,2024-01-13,2024,1,January,2024-01
744,2024-01-14,2024,1,January,2024-01
745,2024-01-15,2024,1,January,2024-01
746,2024-01-16,2024,1,January,2024-01
747,2024-01-17,2024,1,January,2024-01
748,2024-01-18,2024,1,January,2024-01
749,2024-01-19,2024,1,January,2024-01
750,2024-01-20,2024,1,January,2024-01
751,2024-01-21,2024,1,January,2024-01
752,2024-01-22,2024,1,January,2024-01
753,2024-01-23,2024,1,January,2024-01
754,2024-01-24,2024,1,January,2024-01
755,2024-01-25,2024,1,January,2024-01
756,2024-01-26,2024,1,January,2024-01
757,2024-01-27,2024,1,January,2024-01
758,2024-01-28,2024,1,January,2024-01
759,2024-01-29,2024,1,January,2024-01
760,2024-01-30,2024,1,January,2024-01
761,2024-01-31,2024,1,January,2024-01
762,2024-02-01,2024,2,February,2024-02
763,2024-02-02,2024,2,February,2024-02
764,2024-02-03,2024,2,February,2024-02
765,2024-02-04,2024,2,February,2024-02
766,2024-02-05,2024,2,February,2024-02
767,2024-02-06,2024,2,February,2024-02
768,2024-02-07,2024,2,February,2024-02
769,2024-02-08,2024,2,February,2024-02
770,2024-02-09,2024,2,February,2024-02
771,2024-02-10,2024,2,February,2024-02
772,2024-02-11,2024,2,February,2024-02
773,2024-02-12,2024,2,February,2024-02
774,2024-02-13,2024,2,February,2024-02
775,2024-02-14,2024,2,February,2024-02
776,2024-02-15,2024,2,February,2024-02
777,2024-02-16,2024,2,February,2024-02
778,2024-02-17,2024,2,February,2024-02
779,2024-02-18,2024,2,February,2024-02
780,2024-02-19,2024,2,February,2024-02
781,2024-02-20,2024,2,February,2024-02
782,2024-02-21,2024,2,February,2024-02
783,2024-02-22,2024,2,February,2024-02
784,2024-02-23,2024,2,February,2024-02
785,2024-02-24,2024,2,February,2024-02
786,2024-02-25,2024,2,February,2024-02
787,2024-02-26,2024,2,February,2024-02
788,2024-02-27,2024,2,February,2024-02
789,2024-02-28,2024,2,February,2024-02
790,2024-02-29,2024,2,February,2024-02
791,2024-03-01,2024,3,March,2024-03
792,2024-03-02,2024,3,March,2024-03
793,2024-03-03,2024,3,March,2024-03
794,2024-03-04,2024,3,March,2024-03
795,2024-03-05,2024,3,March,2024-03
796,2024-03-06,2024,3,March,2024-03
797,2024-03-07,2024,3,March,2024-03
798,2024-03-08,2024,3,March,2024-03
799,2024-03-09,2024,3,March,2024-03
800,2024-03-10,2024,3,March,2024-03
801,2024-03-11,2024,3,March,2024-03
802,2024-03-12,2024,3,March,2024-03
803,2024-03-13,2024,3,March,2024-03
804,2024-03-14,2024,3,March,2024-03
805,2024-03-15,2024,3,March,2024-03
806,2024-03-16,2024,3,March,2024-03
807,2024-03-17,2024,3,March,2024-03
808,2024-03-18,2024,3,March,2024-03
809,2024-03-19,2024,3,March,2024-03
810,2024-03-20,2024,3,March,2024-03
811,2024-03-21,2024,3,March,2024-03
812,2024-03-22,2024,3,March,2024-03
813,2024-03-23,2024,3,March,2024-03
814,2024-03-24,2024,3,March,2024-03
815,2024-03-25,2024,3,March,2024-03
816,2024-03-26,2024,3,March,2024-03
817,2024-03-27,2024,3,March,2024-03
818,2024-03-28,2024,3,March,2024-03
819,2024-03-29,2024,3,March,2024-03
820,2024-03-30,2024,3,March,2024-03
821,2024-03-31,2024,3,March,2024-03
822,2024-04-01,2024,4,April,2024-04
823,2024-04-02,2024,4,April,2024-04
824,2024-04-03,2024,4,April,2024-04
825,2024-04-04,2024,4,April,2024-04
826,2024-04-05,2024,4,April,2024-04
827,2024-04-06,2024,4,April,2024-04
828,2024-04-07,2024,4,April,2024-04
829,2024-04-08,2024,4,April,2024-04
830,2024-04-09,2024,4,April,2024-04
831,2024-04-10,2024,4,April,2024-04
832,2024-04-11,2024,4,April,2024-04
833,2024-04-12,2024,4,April,2024-04
834,2024-04-13,2024,4,April,2024-04
835,2024-04-14,2024,4,April,2024-04
836,2024-04-15,2024,4,April,2024-04
837,2024-04-16,2024,4,April,2024-04
838,2024-04-17,2024,4,April,2024-04
839,2024-04-18,2024,4,April,2024-04
840,2024-04-19,2024,4,April,2024-04
841,2024-04-20,2024,4,April,2024-04
842,2024-04-21,2024,4,April,2024-04
843,2024-04-22,2024,4,April,2024-04
844,2024-04-23,2024,4,April,2024-04
845,2024-04-24,2024,4,April,2024-04
846,2024-04-25,2024,4,April,2024-04
847,2024-04-26,2024,4,April,2024-04
848,2024-04-27,2024,4,April,2024-04
849,2024-04-28,2024,4,April,2024-04
850,2024-04-29,2024,4,April,2024-04
851,2024-04-30,2024,4,April,2024-04
852,2024-05-01,2024,5,May,2024-05
853,2024-05-02,2024,5,May,2024-05
854,2024-05-03,2024,5,May,2024-05
855,2024-05-04,2024,5,May,2024-05
856,2024-05-05,2024,5,May,2024-05
857,2024-05-06,2024,5,May,2024-05
858,2024-05-07,2024,5,May,2024-05
859,2024-05-08,2024,5,May,2024-05
860,2024-05-09,2024,5,May,2024-05
861,2024-05-10,2024,5,May,2024-05
862,2024-05-11,2024,5,May,2024-05
863,2024-05-12,2024,5,May,2024-05
864,2024-05-13,2024,5,May,2024-05
865,2024-05-14,2024,5,May,2024-05
866,2024-05-15,2024,5,May,2024-05
867,2024-05-16,2024,5,May,2024-05
868,2024-05-17,2024,5,May,2024-05
869,2024-05-18,2024,5,May,2024-05
870,2024-05-19,2024,5,May,2024-05
871,2024-05-20,2024,5,May,2024-05
872,2024-05-21,2024,5,May,2024-05
873,2024-05-22,2024,5,May,2024-05
874,2024-05-23,2024,5,May,2024-05
875,2024-05-24,2024,5,May,2024-05
876,2024-05-25,2024,5,May,2024-05
877,2024-05-26,2024,5,May,2024-05
878,2024-05-27,2024,5,May,2024-05
879,2024-05-28,2024,5,May,2024-05
880,2024-05-29,2024,5,May,2024-05
881,2024-05-30,2024,5,May,2024-05
882,2024-05-31,2024,5,May,2024-05
883,2024-06-01,2024,6,June,2024-06
884,2024-06-02,2024,6,June,2024-06
885,2024-06-03,2024,6,June,2024-06
886,2024-06-04,2024,6,June,2024-06
887,2024-06-05,2024,6,June,2024-06
888,2024-06-06,2024,6,June,2024-06
889,2024-06-07,2024,6,June,2024-06
890,2024-06-08,2024,6,June,2024-06
891,2024-06-09,2024,6,June,2024-06
892,2024-06-10,2024,6,June,2024-06
893,2024-06-11,2024,6,June,2024-06
894,2024-06-12,2024,6,June,2024-06
895,2024-06-13,2024,6,June,2024-06
896,2024-06-14,2024,6,June,2024-06
897,2024-06-15,2024,6,June,2024-06
898,2024-06-16,2024,6,June,2024-06
899,2024-06-17,2024,6,June,2024-06
900,2024-06-18,2024,6,June,2024-06
901,2024-06-19,2024,6,June,2024-06
902,2024-06-20,2024,6,June,2024-06
903,2024-06-21,2024,6,June,2024-06
904,2024-06-22,2024,6,June,2024-06
905,2024-06-23,2024,6,June,2024-06
906,2024-06-24,2024,6,June,2024-06
907,2024-06-25,2024,6,June,2024-06
908,2024-06-26,2024,6,June,2024-06
909,2024-06-27,2024,6,June,2024-06
910,2024-06-28,2024,6,June,2024-06
911,2024-06-29,2024,6,June,2024-06
912,2024-06-30,2024,6,June,2024-06
913,2024-07-01,2024,7,July,2024-07
914,2024-07-02,2024,7,July,2024-07
915,2024-07-03,2024,7,July,2024-07
916,2024-07-04,2024,7,July,2024-07
917,2024-07-05,2024,7,July,2024-07
918,2024-07-06,2024,7,July,2024-07
919,2024-07-07,2024,7,July,2024-07
920,2024-07-08,2024,7,July,2024-07
921,2024-07-09,2024,7,July,2024-07
922,2024-07-10,2024,7,July,2024-07
923,2024-07-11,2024,7,July,2024-07
924,2024-07-12,2024,7,July,2024-07
925,2024-07-13,2024,7,July,2024-07
926,2024-07-14,2024,7,July,2024-07
927,2024-07-15,2024,7,July,2024-07
928,2024-07-16,2024,7,July,2024-07
929,2024-07-17,2024,7,July,2024-07
930,2024-07-18,2024,7,July,2024-07
931,2024-07-19,2024,7,July,2024-07
932,2024-07-20,2024,7,July,2024-07
933,2024-07-21,2024,7,July,2024-07
934,2024-07-22,2024,7,July,2024-07
935,2024-07-23,2024,7,July,2024-07
936,2024-07-24,2024,7,July,2024-07
937,2024-07-25,2024,7,July,2024-07
938,2024-07-26,2024,7,July,2024-07
939,2024-07-27,2024,7,July,2024-07
940,2024-07-28,2024,7,July,2024-07
941,2024-07-29,2024,7,July,2024-07
942,2024-07-30,2024,7,July,2024-07
943,2024-07-31,2024,7,July,2024-07
944,2024-08-01,2024,8,August,2024-08
945,2024-08-02,2024,8,August,2024-08
946,2024-08-03,2024,8,August,2024-08
947,2024-08-04,2024,8,August,2024-08
948,2024-08-05,2024,8,August,2024-08
949,2024-08-06,2024,8,August,2024-08
950,2024-08-07,2024,8,August,2024-08
951,2024-08-08,2024,8,August,2024-08
952,2024-08-09,2024,8,August,2024-08
953,2024-08-10,2024,8,August,2024-08
954,2024-08-11,2024,8,August,2024-08
955,2024-08-12,2024,8,August,2024-08
956,2024-08-13,2024,8,August,2024-08
957,2024-08-14,2024,8,August,2024-08
958,2024-08-15,2024,8,August,2024-08
959,2024-08-16,2024,8,August,2024-08
960,2024-08-17,2024,8,August,2024-08
961,2024-08-18,2024,8,August,2024-08
962,2024-08-19,2024,8,August,2024-08
963,2024-08-20,2024,8,August,2024-08
964,2024-08-21,2024,8,August,2024-08
965,2024-08-22,2024,8,August,2024-08
966,2024-08-23,2024,8,August,2024-08
967,2024-08-24,2024,8,August,2024-08
968,2024-08-25,2024,8,August,2024-08
969,2024-08-26,2024,8,August,2024-08
970,2024-08-27,2024,8,August,2024-08
971,2024-08-28,2024,8,August,2024-08
972,2024-08-29,2024,8,August,2024-08
973,2024-08-30,2024,8,August,2024-08
974,2024-08-31,2024,8,August,2024-08
975,2024-09-01,2024,9,September,2024-09
976,2024-09-02,2024,9,September,2024-09
977,2024-09-03,2024,9,September,2024-09
978,2024-09-04,2024,9,September,2024-09
979,2024-09-05,2024,9,September,2024-09
980,2024-09-06,2024,9,September,2024-09
981,2024-09-07,2024,9,September,2024-09
982,2024-09-08,2024,9,September,2024-09
983,2024-09-09,2024,9,September,2024-09
984,2024-09-10,2024,9,September,2024-09
985,2024-09-11,2024,9,September,2024-09
986,2024-09-12,2024,9,September,2024-09
987,2024-09-13,2024,9,September,2024-09
988,2024-09-14,2024,9,September,2024-09
989,2024-09-15,2024,9,September,2024-09
990,2024-09-16,2024,9,September,2024-09
991,2024-09-17,2024,9,September,2024-09
992,2024-09-18,2024,9,September,2024-09
993,2024-09-19,2024,9,September,2024-09
994,2024-09-20,2024,9,September,2024-09
995,2024-09-21,2024,9,September,2024-09
996,2024-09-22,2024,9,September,2024-09
997,2024-09-23,2024,9,September,2024-09
998,2024-09-24,2024,9,September,2024-09
999,2024-09-25,2024,9,September,2024-09
1000,2024-09-26,2024,9,September,2024-09
1001,2024-09-27,2024,9,September,2024-09
1002,2024-09-28,2024,9,September,2024-09
1003,2024-09-29,2024,9,September,2024-09
1004,2024-09-30,2024,9,September,2024-09
1005,2024-10-01,2024,10,October,2024-10
1006,2024-10-02,2024,10,October,2024-10
1007,2024-10-03,2024,10,October,2024-10
1008,2024-10-04,2024,10,October,2024-10
1009,2024-10-05,2024,10,October,2024-10
1010,2024-10-06,2024,10,October,2024-10
1011,2024-10-07,2024,10,October,2024-10
1012,2024-10-08,2024,10,October,2024-10
1013,2024-10-09,2024,10,October,2024-10
1014,2024-10-10,2024,10,October,2024-10
1015,2024-10-11,2024,10,October,2024-10
1016,2024-10-12,2024,10,October,2024-10
1017,2024-10-13,2024,10,October,2024-10
1018,2024-10-14,2024,10,October,2024-10
1019,2024-10-15,2024,10,October,2024-10
1020,2024-10-16,2024,10,October,2024-10
1021,2024-10-17,2024,10,October,2024-10
1022,2024-10-18,2024,10,October,2024-10
1023,2024-10-19,2024,10,October,2024-10
1024,2024-10-20,2024,10,October,2024-10
1025,2024-10-21,2024,10,October,2024-10
1026,2024-10-22,2024,10,October,2024-10
1027,2024-10-23,2024,10,October,2024-10
1028,2024-10-24,2024,10,October,2024-10
1029,2024-10-25,2024,10,October,2024-10
1030,2024-10-26,2024,10,October,2024-10
1031,2024-10-27,2024,10,October,2024-10
1032,2024-10-28,2024,10,October,2024-10
1033,2024-10-29,2024,10,October,2024-10
1034,2024-10-30,2024,10,October,2024-10
1035,2024-10-31,2024,10,October,2024-10
1036,2024-11-01,2024,11,November,2024-11
1037,2024-11-02,2024,11,November,2024-11
1038,2024-11-03,2024,11,November,2024-11
1039,2024-11-04,2024,11,November,2024-11
1040,2024-11-05,2024,11,November,2024-11
1041,2024-11-06,2024,11,November,2024-11
1042,2024-11-07,2024,11,November,2024-11
1043,2024-11-08,2024,11,November,2024-11
1044,2024-11-09,2024,11,November,2024-11
1045,2024-11-10,2024,11,November,2024-11
1046,2024-11-11,2024,11,November,2024-11
1047,2024-11-12,2024,11,November,2024-11
1048,2024-11-13,2024,11,November,2024-11
1049,2024-11-14,2024,11,November,2024-11
1050,2024-11-15,2024,11,November,2024-11
1051,2024-11-16,2024,11,November,2024-11
1052,2024-11-17,2024,11,November,2024-11
1053,2024-11-18,2024,11,November,2024-11
1054,2024-11-19,2024,11,November,2024-11
1055,2024-11-20,2024,11,November,2024-11
1056,2024-11-21,2024,11,November,2024-11
1057,2024-11-22,2024,11,November,2024-11
1058,2024-11-23,2024,11,November,2024-11
1059,2024-11-24,2024,11,November,2024-11
1060,2024-11-25,2024,11,November,2024-11
1061,2024-11-26,2024,11,November,2024-11
1062,2024-11-27,2024,11,November,2024-11
1063,2024-11-28,2024,11,November,2024-11
1064,2024-11-29,2024,11,November,2024-11
1065,2024-11-30,2024,11,November,2024-11
1066,2024-12-01,2024,12,December,2024-12
1067,2024-12-02,2024,12,December,2024-12
1068,2024-12-03,2024,12,December,2024-12
1069,2024-12-04,2024,12,December,2024-12
1070,2024-12-05,2024,12,December,2024-12
1071,2024-12-06,2024,12,December,2024-12
1072,2024-12-07,2024,12,December,2024-12
1073,2024-12-08,2024,12,December,2024-12
1074,2024-12-09,2024,12,December,2024-12
1075,2024-12-10,2024,12,December,2024-12
1076,2024-12-11,2024,12,December,2024-12
1077,2024-12-12,2024,12,December,2024-12
1078,2024-12-13,2024,12,December,2024-12
1079,2024-12-14,2024,12,December,2024-12
1080,2024-12-15,2024,12,December,2024-12
1081,2024-12-16,2024,12,December,2024-12
1082,2024-12-17,2024,12,December,2024-12
1083,2024-12-18,2024,12,December,2024-12
1084,2024-12-19,2024,12,December,2024-12
1085,2024-12-20,2024,12,December,2024-12
1086,2024-12-21,2024,12,December,2024-12
1087,2024-12-22,2024,12,December,2024-12
1088,2024-12-23,2024,12,December,2024-12
1089,2024-12-24,2024,12,December,2024-12
1090,2024-12-25,2024,12,December,2024-12
1091,2024-12-26,2024,12,December,2024-12
1092,2024-12-27,2024,12,December,2024-12
1093,2024-12-28,2024,12,December,2024-12
1094,2024-12-29,2024,12,December,2024-12
1095,2024-12-30,2024,12,December,2024-12
