DateKey,RetailerID,ProductID,UnitsDepleted
311,13,10,16
46,4,14,18
762,32,25,19
224,29,9,25
167,7,19,19
999,33,19,12
406,5,21,25
318,40,2,20
671,4,20,11
933,7,19,18
663,16,11,19
1013,37,6,17
1062,11,17,23
1035,5,5,19
551,29,11,16
56,25,4,12
869,3,1,19
112,32,16,23
148,30,4,14
498,20,15,28
546,30,23,27
612,3,3,17
772,15,12,15
781,14,21,15
59,40,24,11
323,10,15,25
505,17,11,28
455,15,3,16
378,29,19,20
557,34,11,15
303,35,8,13
624,9,19,20
753,17,2,20
927,2,2,21
880,26,12,13
316,38,8,20
694,28,6,18
606,30,3,20
41,9,11,21
1075,28,16,14
344,16,11,22
906,24,10,18
678,22,10,18
931,20,17,21
989,14,11,15
659,32,22,18
678,10,14,24
376,2,9,26
234,7,16,22
562,1,6,14
860,37,17,14
674,15,22,16
900,11,25,18
1085,20,22,20
247,33,3,10
966,38,2,19
732,20,11,22
358,10,24,16
393,32,18,15
692,36,23,19
338,12,3,14
927,25,15,34
854,9,5,18
1092,17,11,9
612,14,3,15
1014,24,15,19
827,3,3,19
591,16,7,22
189,18,7,23
988,39,23,20
866,14,11,13
166,10,16,14
159,10,4,22
1073,6,11,18
662,3,14,13
224,22,8,10
193,2,25,17
1072,39,17,17
604,12,23,19
105,1,24,20
962,37,18,17
281,13,6,18
21,32,21,18
641,25,20,10
174,38,20,9
753,5,10,19
261,37,6,18
168,18,12,17
565,10,17,13
221,19,13,18
620,34,1,14
872,30,4,21
797,32,16,12
883,11,19,16
648,22,5,17
555,30,13,25
143,1,10,20
989,6,5,17
353,14,16,19
228,3,1,31
659,39,12,13
498,15,15,17
1025,31,5,19
179,19,6,15
161,22,11,14
310,7,20,22
45,27,14,18
819,35,2,21
1052,5,10,14
212,35,25,12
927,36,12,16
1029,37,9,22
341,23,9,16
200,36,25,17
666,4,10,17
302,2,7,19
140,37,2,10
747,35,23,23
13,4,1,25
372,4,22,16
1013,6,22,15
102,17,21,23
874,4,23,13
839,22,19,18
1079,21,23,22
96,12,22,13
423,7,19,11
668,28,22,14
666,13,1,17
505,33,2,17
354,40,4,18
22,13,16,15
173,4,13,15
655,25,12,20
449,20,5,24
995,38,3,16
388,35,20,20
34,9,2,12
304,30,24,17
83,39,5,15
484,23,1,27
367,11,14,26
320,15,15,16
49,22,4,17
630,17,12,15
271,12,10,20
479,35,18,17
346,34,9,24
743,1,5,16
847,32,22,24
212,4,25,14
913,24,9,23
892,7,19,17
80,12,25,18
112,22,20,15
278,35,17,20
399,21,15,18
512,29,14,16
764,17,24,21
332,28,18,18
167,17,14,22
899,4,20,15
444,6,3,10
514,15,25,17
407,24,21,13
1083,8,2,26
569,27,20,14
983,31,21,15
712,9,6,18
201,18,24,15
237,2,9,20
479,22,25,9
760,20,1,16
811,4,15,16
958,38,1,11
519,13,3,16
412,20,24,21
752,6,16,22
788,15,15,15
938,8,15,22
702,30,5,6
844,36,10,21
12,36,22,12
848,3,11,14
172,27,8,13
311,30,15,24
245,29,20,20
338,16,25,15
64,40,12,11
721,38,4,25
727,20,10,21
466,16,16,14
11,21,15,16
791,18,5,25
984,31,22,16
370,2,22,18
1087,24,12,16
80,6,11,17
1053,17,24,14
1020,26,11,17
984,37,13,17
274,2,9,19
944,26,16,18
241,37,16,14
665,1,1,22
356,2,19,25
304,33,23,18
343,11,19,19
178,30,21,18
1043,34,4,23
1065,27,5,18
261,34,3,21
387,7,19,25
301,39,13,17
587,39,13,17
363,2,24,16
746,30,19,25
176,3,13,18
408,2,24,17
560,30,5,12
410,37,17,18
177,29,18,10
744,35,12,15
900,38,23,15
49,22,17,17
812,37,18,19
282,18,1,12
469,40,23,21
1022,34,2,17
296,38,13,16
614,30,10,14
1043,2,3,19
722,20,15,17
654,16,23,10
850,4,1,13
847,13,12,18
240,14,4,14
899,9,23,18
855,14,2,18
652,11,20,20
1011,10,25,12
182,30,23,17
860,7,19,16
738,6,19,15
193,17,20,22
370,13,20,24
493,4,13,10
868,26,24,15
865,32,22,15
370,3,22,20
657,11,8,12
116,20,11,15
930,29,8,19
846,2,24,20
121,4,12,24
958,32,17,12
731,21,8,21
79,17,21,20
979,13,3,22
140,32,7,25
821,3,13,16
740,31,18,15
289,31,10,15
329,1,6,18
872,28,4,26
100,23,13,22
1031,5,15,24
372,1,17,15
544,16,13,17
725,11,15,20
497,36,6,17
1083,37,19,16
335,16,12,18
30,12,20,26
316,30,20,12
460,4,24,15
734,38,7,13
247,8,9,13
1053,8,11,15
179,21,16,13
278,40,7,17
307,8,25,24
373,29,14,18
726,15,1,20
434,14,20,20
1086,38,17,13
1068,10,6,14
861,27,2,17
523,40,9,27
694,27,16,35
695,40,20,19
61,35,11,17
483,36,20,15
22,11,6,23
515,13,21,14
751,35,22,23
716,21,13,18
1022,37,12,20
833,12,15,19
758,25,25,20
683,28,22,14
858,18,6,11
994,10,20,16
573,39,23,20
673,3,20,29
224,5,16,16
537,12,21,18
306,14,20,21
303,32,9,20
634,33,22,22
578,6,10,20
15,30,6,21
518,6,13,15
253,31,5,16
730,2,15,12
163,26,12,13
774,32,9,24
590,5,5,17
402,16,12,22
811,12,15,23
148,15,12,14
975,21,24,17
129,37,22,18
119,21,22,17
416,25,12,21
835,17,19,14
1034,8,15,10
842,30,25,16
178,33,10,34
544,2,3,20
577,33,25,22
1050,28,12,15
742,26,12,15
1089,1,18,15
396,35,8,16
938,39,11,14
183,20,7,32
264,13,19,18
27,31,23,14
508,38,24,18
703,23,15,17
128,12,20,15
828,6,25,31
419,24,24,20
824,34,14,17
893,33,10,22
544,7,16,18
789,14,18,15
1080,36,15,21
861,16,22,17
1078,23,17,17
202,18,17,14
223,29,12,22
330,7,1,21
881,4,23,16
896,25,14,18
128,33,23,24
470,24,17,20
582,23,21,12
161,21,5,11
515,39,22,21
882,21,4,15
524,27,2,20
1051,17,20,19
369,26,5,12
1037,19,3,25
123,33,18,23
715,7,13,11
715,31,22,11
676,39,13,29
320,15,12,16
634,2,4,20
644,2,7,25
530,17,6,24
1042,34,8,21
1030,25,5,21
43,11,6,18
1008,9,25,17
777,7,5,18
189,11,25,19
847,4,19,27
473,37,9,10
273,26,18,12
690,34,8,18
949,16,1,15
270,30,14,20
551,16,9,20
567,6,7,16
675,33,10,17
859,15,17,21
464,20,11,13
828,12,17,20
798,24,14,20
359,40,14,22
380,32,8,22
167,33,25,20
692,12,18,21
616,15,19,19
570,8,18,14
126,4,17,11
345,27,18,15
669,37,14,23
767,14,8,13
540,39,18,21
211,15,9,21
1001,19,1,20
266,14,6,14
970,7,6,17
254,6,6,17
30,34,7,17
967,24,17,22
788,25,9,24
699,25,11,9
30,15,21,11
161,3,24,17
347,36,18,19
965,2,13,19
474,22,14,16
509,28,5,26
57,32,7,13
1091,39,3,15
28,25,12,23
654,1,7,24
232,23,7,20
659,5,11,18
895,35,10,23
691,11,2,26
76,15,24,14
455,5,12,20
345,38,9,22
590,4,22,20
715,10,6,19
459,9,14,24
903,33,8,16
574,6,16,17
143,27,21,27
579,28,16,21
821,34,1,12
937,29,10,18
369,32,25,15
967,22,19,15
715,15,7,15
253,27,6,14
960,10,4,15
622,25,23,18
897,11,9,12
352,8,4,18
121,21,11,22
374,8,22,25
341,37,3,17
31,24,12,16
785,23,3,16
204,24,7,19
412,13,25,22
561,39,21,17
602,5,3,15
823,15,22,21
904,24,24,16
1056,11,4,15
691,17,23,18
346,8,23,15
747,24,5,26
294,38,18,19
774,27,4,18
122,7,5,15
375,24,19,21
966,27,4,25
16,37,12,21
438,3,14,23
349,22,12,11
210,38,13,21
160,22,5,21
1076,40,1,17
880,29,19,12
381,10,14,13
861,17,25,13
387,7,9,22
1068,35,25,15
793,40,9,14
662,3,14,25
75,13,25,12
1032,6,20,21
1006,17,23,18
637,2,1,21
726,39,15,18
795,38,21,19
647,33,11,23
892,23,18,17
859,33,20,21
495,25,9,18
185,14,5,28
729,35,15,13
277,30,15,15
691,9,2,16
621,30,1,18
398,7,2,20
918,8,1,15
284,7,19,8
231,27,15,12
824,25,24,18
1045,24,12,19
938,28,7,11
276,34,13,22
479,10,1,16
347,36,10,12
975,15,19,13
895,38,23,15
172,3,5,13
543,12,6,21
1033,33,5,20
818,26,24,12
979,6,17,19
544,3,7,17
202,27,25,13
717,14,25,16
539,11,3,12
383,17,20,31
988,16,4,26
882,1,24,18
1022,6,23,17
246,15,8,21
116,33,21,13
849,7,13,18
125,8,3,16
33,30,9,24
473,7,9,12
604,40,10,24
763,14,18,21
850,3,24,31
23,26,3,24
948,34,12,14
995,30,25,22
203,30,2,25
555,29,12,13
201,37,9,20
385,25,2,24
912,4,15,12
1043,1,7,14
844,8,7,18
645,2,8,17
695,17,15,16
645,23,12,19
121,21,20,15
255,29,20,18
545,5,24,17
6,32,6,13
222,21,6,16
882,9,16,18
715,7,5,13
634,18,3,12
52,15,14,29
742,25,18,13
349,16,24,16
270,20,1,16
405,37,17,20
617,34,12,20
618,5,5,16
824,33,21,21
984,1,2,13
399,7,7,19
341,4,17,15
617,4,20,26
7,13,4,19
24,35,2,24
569,18,19,24
727,11,18,21
320,13,22,16
537,31,18,19
483,39,13,17
566,6,7,15
503,38,22,22
802,11,18,12
763,21,19,17
1061,26,24,18
286,15,1,17
507,24,9,18
626,18,2,20
755,8,8,16
130,35,24,20
304,28,8,16
924,29,20,20
727,2,2,16
536,18,2,23
227,1,23,16
658,2,1,18
324,14,2,21
8,28,3,16
858,21,23,24
56,20,12,15
551,34,8,20
980,34,20,19
274,39,20,11
658,4,17,24
767,28,13,26
565,39,1,16
1057,1,23,21
277,8,11,24
967,16,9,16
801,31,2,14
900,7,12,14
427,5,25,22
296,2,11,17
562,4,7,27
479,10,16,15
575,35,15,13
110,1,24,17
862,39,5,22
597,3,17,20
114,26,8,19
549,17,19,12
138,8,21,18
529,30,23,21
883,8,7,21
280,29,7,14
177,18,13,12
746,24,18,20
242,9,18,13
542,20,3,13
81,13,6,18
13,37,16,19
444,19,10,20
138,5,2,14
391,36,13,18
831,24,7,11
455,34,13,18
550,8,25,14
310,4,9,19
488,38,2,15
368,8,8,28
173,9,8,21
588,31,8,20
761,31,2,15
238,40,15,22
913,7,3,17
632,25,20,15
11,13,14,18
401,5,22,15
203,18,2,22
527,7,5,20
516,38,9,15
857,15,22,12
181,33,8,16
431,31,2,32
735,9,4,16
413,19,22,16
543,6,20,16
329,36,25,21
560,32,18,20
961,28,23,17
131,38,25,14
662,10,2,18
371,35,12,26
456,24,6,15
25,34,2,13
1018,9,21,20
1005,27,12,19
309,34,24,30
179,15,3,18
206,27,15,16
5,27,21,17
178,32,19,19
315,27,19,21
917,26,17,15
847,17,14,13
131,16,2,28
306,35,23,22
310,26,14,9
262,38,4,19
809,30,14,18
438,37,11,28
522,14,12,13
230,18,13,9
157,28,11,25
334,40,17,17
712,16,4,14
744,2,16,14
977,20,25,21
299,30,24,18
720,9,6,22
13,1,6,10
701,27,18,20
383,9,21,14
175,20,25,25
403,27,24,22
643,39,20,22
875,35,7,16
456,33,15,15
680,13,9,20
268,14,5,19
671,1,2,17
675,7,2,16
340,33,8,13
1051,39,24,14
564,34,8,20
135,28,5,14
813,7,18,23
801,24,16,19
1041,15,11,19
628,24,14,21
806,27,8,18
418,39,20,11
1073,3,25,28
1085,10,10,19
1008,12,22,17
146,29,11,17
702,8,23,26
1030,10,19,23
863,17,18,21
432,9,18,18
344,15,19,17
618,4,7,20
779,21,8,17
533,7,15,22
487,8,16,17
55,20,20,16
177,7,19,16
884,6,11,8
468,9,7,15
495,14,19,24
988,36,24,14
202,29,20,18
864,3,16,16
959,31,8,21
181,24,18,21
36,24,24,19
1060,36,8,20
532,35,13,22
470,25,10,17
1030,39,19,22
459,21,18,18
159,15,23,14
352,34,25,18
874,9,10,14
1071,3,1,23
110,10,5,19
976,15,3,17
487,16,9,11
217,13,8,18
104,1,16,19
680,33,25,18
1052,8,25,17
766,16,10,15
944,35,19,13
812,14,14,18
505,27,23,16
901,1,5,22
241,39,6,19
202,30,8,9
426,35,11,15
354,10,8,25
367,31,23,20
85,12,13,20
337,40,1,17
932,35,17,8
936,34,16,15
21,39,22,16
656,32,9,16
492,12,8,15
1027,28,1,19
23,19,8,19
141,24,5,22
1062,20,18,17
222,22,7,18
743,11,18,13
20,28,16,13
905,40,12,22
1081,20,4,24
678,5,13,31
117,40,11,22
321,7,16,19
268,22,12,19
436,37,14,13
766,29,16,18
1075,12,20,17
982,29,21,20
320,36,22,20
732,35,18,21
745,22,8,25
24,18,25,26
1060,22,3,20
875,19,7,19
824,34,20,14
720,9,10,15
826,10,11,15
544,19,20,20
258,38,1,24
177,9,11,17
595,28,5,15
890,30,22,16
268,25,13,17
717,18,16,17
447,26,11,11
675,19,5,26
240,27,6,18
117,36,3,17
266,4,2,20
656,26,21,17
804,3,6,18
587,36,10,14
1041,7,6,17
12,10,21,20
515,4,2,13
883,7,17,16
585,22,22,22
83,30,1,17
383,22,1,17
626,29,6,13
84,11,17,20
984,16,2,20
513,6,17,14
172,37,16,27
491,13,7,18
266,33,4,20
1032,8,13,15
145,11,20,19
637,33,4,30
831,33,5,9
863,40,16,20
68,27,9,17
775,39,11,18
400,18,12,22
782,32,14,16
250,24,15,16
885,22,5,18
384,3,10,21
537,3,18,21
783,14,8,14
570,32,8,16
24,9,25,20
967,16,4,22
18,25,19,15
1087,5,11,18
474,13,6,19
750,31,1,24
1032,21,22,19
224,40,5,23
200,9,1,15
133,21,22,20
848,9,3,18
539,10,24,22
382,12,3,18
231,11,3,17
705,20,7,15
575,39,1,19
901,33,10,20
52,7,24,20
337,1,20,18
993,14,5,14
595,21,21,21
333,8,16,15
683,17,16,20
695,15,4,22
474,2,17,13
809,13,13,12
803,29,3,17
720,28,8,24
825,8,2,12
798,35,24,18
379,24,11,20
764,7,4,24
721,28,25,19
205,22,8,14
358,26,13,16
249,17,24,16
903,38,4,15
905,6,2,16
670,11,8,21
613,38,23,22
790,2,18,20
943,32,7,20
511,26,17,12
287,31,14,22
388,32,22,12
778,35,7,18
734,2,13,17
1001,3,2,20
903,33,12,11
143,7,2,15
586,21,8,16
564,25,18,18
781,16,2,21
1068,23,21,23
465,17,4,12
762,33,17,17
657,18,14,17
851,39,8,18
71,23,4,9
915,9,16,13
221,3,9,14
618,35,18,13
541,24,18,17
486,6,22,17
392,19,13,22
580,14,11,23
92,3,2,20
587,6,2,19
338,17,22,17
58,36,22,17
61,22,24,12
424,4,11,25
273,10,13,18
226,32,15,18
724,4,16,16
907,13,16,10
864,19,17,24
838,38,17,10
338,26,7,19
377,30,9,15
154,31,23,16
1032,38,4,19
282,12,25,15
1058,19,15,11
475,23,11,20
385,10,6,12
649,15,1,19
955,17,22,16
364,13,22,9
1030,24,1,20
593,16,24,21
856,39,5,23
586,38,4,17
667,30,14,17
706,15,10,22
892,4,1,27
442,10,21,17
737,40,12,22
392,32,17,12
435,21,3,19
101,29,10,22
990,30,1,16
105,7,19,15
59,29,18,13
210,10,13,24
95,22,20,18
602,17,23,28
51,18,17,14
901,5,23,20
501,39,22,19
715,17,4,15
564,34,9,17
919,4,23,15
308,8,10,21
876,26,10,19
473,25,15,27
76,36,5,22
643,39,18,30
152,11,11,17
591,3,13,19
863,40,17,21
491,28,18,21
405,39,25,17
252,25,16,20
375,22,18,16
1008,13,5,12
153,4,8,17
710,28,24,13
174,19,14,16
238,3,25,19
764,27,20,14
544,11,13,20
496,6,23,27
181,31,9,14
843,29,23,29
98,8,1,21
310,11,22,9
380,9,18,15
691,31,7,20
460,1,9,15
863,7,7,14
937,10,8,19
470,9,18,23
730,13,21,13
1003,27,10,18
369,18,17,10
486,16,19,14
557,4,1,26
970,30,2,23
127,38,14,20
814,20,4,14
979,12,22,13
271,28,17,16
663,1,25,18
162,9,17,15
809,33,8,18
950,1,1,15
556,9,17,22
732,22,8,15
1078,9,13,24
520,5,2,15
484,2,17,22
171,14,7,13
376,12,16,24
710,29,17,19
852,16,4,20
5,9,10,17
571,32,9,29
1043,24,10,14
65,20,19,24
236,20,6,16
666,5,12,23
289,20,11,26
236,16,15,20
749,19,25,20
422,12,20,20
391,17,14,24
733,34,12,18
756,27,19,19
1029,26,21,26
750,34,12,18
936,21,7,15
1072,3,5,20
558,36,15,14
1088,29,16,24
704,19,11,22
541,21,20,20
1043,12,17,13
745,23,6,16
760,28,20,13
218,12,22,23
308,2,6,13
1048,30,12,9
283,12,20,13
249,39,8,21
62,39,20,10
1021,18,5,23
552,24,21,16
1034,12,11,13
960,18,2,11
567,6,8,18
847,8,8,10
1008,15,8,19
474,7,17,21
1047,29,7,20
561,25,3,18
362,13,1,16
772,32,5,19
961,12,16,21
679,25,4,13
624,19,15,19
207,16,23,14
759,12,17,19
274,35,17,12
568,36,13,24
692,24,24,19
160,33,11,17
1094,36,16,23
925,4,4,21
709,35,15,21
163,8,12,24
240,8,14,17
486,7,13,18
671,40,9,21
424,25,15,26
1018,35,16,23
1066,15,10,16
214,18,5,18
684,11,11,18
253,30,6,18
17,29,11,23
116,23,2,15
693,34,19,12
812,19,23,20
795,16,15,14
151,6,12,23
246,15,7,23
1082,9,6,16
709,29,11,16
507,2,4,14
241,33,14,20
392,38,10,15
46,23,15,18
155,13,4,23
1094,20,13,18
511,7,8,10
282,17,25,14
30,21,24,28
721,28,8,23
262,30,13,20
83,23,11,25
950,21,5,14
35,1,18,16
5,17,18,17
870,32,2,11
1030,24,22,18
315,7,15,20
435,35,5,20
544,36,20,20
769,14,4,20
433,12,8,24
112,39,18,21
435,23,21,25
373,14,23,17
271,25,15,16
920,22,12,18
189,37,7,22
712,29,16,25
7,8,8,20
858,11,14,14
580,30,19,16
1058,22,18,14
731,15,8,17
451,21,16,16
140,25,9,23
314,13,1,12
467,7,25,22
634,18,8,20
824,12,7,26
82,26,8,25
771,5,13,24
96,8,3,13
319,36,2,23
389,5,13,20
371,22,4,22
1076,23,23,24
464,8,2,27
827,19,23,14
336,34,7,18
14,6,9,18
717,17,19,21
564,17,9,18
281,15,23,13
56,39,11,14
1018,37,13,17
710,31,8,16
390,22,14,17
791,25,19,20
955,19,5,21
118,7,16,17
337,2,7,12
224,15,24,27
317,22,14,20
823,38,22,17
336,7,22,17
485,23,5,22
259,2,20,19
293,33,16,20
504,18,7,15
1021,7,21,17
4,24,16,18
771,11,24,11
620,12,12,10
191,18,16,10
1002,37,17,17
610,1,8,20
536,1,12,16
677,27,5,19
782,9,4,16
783,1,22,28
549,28,23,11
314,12,19,8
430,16,12,16
594,7,4,12
254,35,7,18
824,23,7,18
749,35,19,18
525,16,25,19
164,8,3,12
505,16,24,17
349,6,24,18
930,36,19,21
536,31,23,20
181,28,19,19
539,35,13,14
1027,17,14,19
796,30,18,23
265,9,7,20
542,23,13,17
791,1,24,20
400,12,25,16
420,17,14,16
46,33,17,13
768,22,15,16
860,10,9,22
886,26,2,31
404,14,3,12
568,25,8,22
238,11,18,13
467,19,23,18
190,28,11,19
961,27,24,18
669,11,10,16
126,22,21,24
638,25,11,18
640,30,3,19
83,19,12,15
43,39,9,15
714,7,12,24
887,6,14,25
145,9,13,14
182,18,8,14
912,31,3,18
443,6,24,21
767,22,19,13
791,9,6,10
544,31,16,20
872,22,14,14
714,21,1,17
994,35,20,24
414,29,8,25
627,21,6,12
420,35,5,24
262,23,22,20
801,40,7,17
1029,23,1,17
312,18,13,17
540,23,16,23
903,1,19,15
750,20,12,16
1083,16,14,18
915,9,15,21
830,25,12,16
50,38,17,20
632,25,9,17
870,38,4,21
723,7,18,13
165,16,12,22
263,35,11,14
294,31,21,22
209,1,2,12
889,20,23,24
669,27,20,21
307,1,21,15
364,37,25,16
103,24,14,25
399,5,12,17
609,11,2,17
779,35,11,22
352,29,5,15
92,23,14,23
1009,10,15,24
1053,30,20,15
1040,31,3,24
206,24,17,15
805,14,6,17
18,11,7,15
177,1,13,13
441,26,1,17
721,20,13,21
531,2,6,19
1094,33,17,9
628,17,6,23
978,6,4,22
821,12,6,27
522,15,1,15
559,3,1,16
667,22,19,26
665,38,22,9
615,21,19,23
906,35,13,15
392,27,7,15
993,6,11,20
958,11,20,22
925,17,12,18
53,36,9,11
994,31,13,17
874,13,7,22
4,29,20,19
682,38,25,19
630,20,5,21
205,38,16,21
546,35,20,19
526,39,18,12
949,1,25,18
769,13,12,19
776,27,24,15
402,3,22,19
640,20,1,20
735,28,8,15
67,6,4,19
856,9,17,15
633,33,3,19
226,4,22,15
803,13,18,16
189,38,8,17
211,1,21,24
343,25,21,23
488,1,1,16
994,32,9,20
347,19,2,22
323,17,25,22
494,39,10,17
77,12,14,15
976,20,1,17
3,22,10,13
538,31,8,24
951,34,3,21
3,23,13,14
796,19,3,6
239,2,7,15
427,2,23,16
542,38,23,12
343,39,11,16
621,37,14,17
829,12,7,17
257,28,19,20
64,11,15,11
731,29,8,30
142,21,1,11
766,29,3,13
964,29,8,8
693,40,13,27
415,12,18,16
736,2,7,24
450,40,20,16
752,38,6,19
805,33,25,19
756,10,8,23
526,11,4,12
281,16,23,20
520,8,14,21
378,4,19,25
501,28,9,13
910,17,13,16
84,18,12,19
1066,5,2,18
34,8,6,17
474,5,21,21
823,35,20,20
960,23,18,16
506,22,9,26
185,2,15,14
200,36,21,15
985,3,1,20
1067,28,21,16
104,23,7,17
1041,9,3,17
161,19,23,19
837,23,22,27
911,13,7,22
703,9,13,14
1080,5,9,17
683,40,2,7
802,30,12,19
69,23,2,21
1044,33,13,19
297,21,1,10
50,13,18,13
202,12,3,19
423,22,7,16
165,4,3,29
1006,9,15,16
313,31,12,29
900,2,11,19
262,36,13,24
911,11,24,17
621,29,3,19
941,36,18,12
594,34,15,15
849,9,10,14
444,12,20,20
481,21,4,21
612,5,5,20
857,7,12,16
627,37,21,20
333,3,19,20
288,15,16,19
31,19,17,16
956,3,8,15
407,20,2,12
27,15,16,22
502,38,15,10
641,11,11,18
280,14,5,15
772,4,2,19
576,35,22,29
828,8,7,15
905,21,7,18
202,35,1,15
572,4,25,16
1011,36,17,22
377,14,24,21
65,3,16,18
534,20,17,26
278,8,11,20
1048,14,14,15
40,1,13,15
650,20,3,13
773,14,20,20
243,28,25,17
667,39,8,17
119,9,12,12
632,23,11,16
506,16,12,15
425,27,15,19
232,40,21,14
576,8,4,14
870,28,10,21
444,18,16,20
744,34,9,15
911,2,17,20
152,24,22,14
520,10,13,18
1012,40,8,18
413,8,23,23
905,5,8,12
624,3,3,8
536,33,21,15
1063,30,13,19
687,39,17,17
613,7,16,15
738,21,24,22
866,38,2,15
788,13,10,22
773,25,3,19
236,2,2,24
420,2,1,16
478,2,2,23
690,15,2,16
651,15,6,15
125,18,14,24
774,5,20,24
282,26,10,15
151,30,20,11
921,14,1,22
4,5,13,14
776,40,16,21
126,21,2,24
116,8,14,13
540,6,19,13
1012,26,12,18
674,4,16,20
187,30,9,21
33,35,11,18
829,27,21,16
989,27,12,17
805,5,4,18
13,40,19,17
359,11,10,11
823,35,15,21
14,11,17,21
160,38,12,19
907,38,1,26
739,5,16,17
1069,37,8,15
453,37,25,26
834,26,19,13
666,33,9,16
798,33,24,17
333,23,11,18
892,7,17,19
1009,32,22,20
104,9,9,19
155,16,20,11
81,9,11,22
399,28,9,17
609,23,2,13
30,12,9,18
434,9,11,29
1031,12,1,13
784,9,20,25
715,19,5,16
933,36,18,21
590,33,22,21
663,13,8,18
187,2,18,26
1052,40,9,25
490,25,2,17
965,13,17,19
1022,13,11,17
691,33,14,14
255,27,6,16
215,40,5,20
115,37,12,24
651,19,12,21
803,22,10,17
1079,17,3,25
594,2,19,16
538,12,24,19
559,33,20,26
510,28,17,18
313,26,15,15
458,25,4,10
503,28,6,17
1065,31,2,15
1,31,12,18
34,27,16,21
870,1,7,17
425,35,17,16
1089,33,14,13
516,1,9,17
959,9,13,11
1045,33,18,17
832,37,25,20
154,15,12,18
870,15,13,26
244,29,16,10
1093,21,17,9
920,18,20,22
32,16,21,15
585,29,24,17
415,27,11,13
233,15,5,19
399,9,15,16
515,28,1,16
104,2,17,21
35,21,18,14
627,11,9,19
310,32,17,15
717,22,3,15
854,35,8,24
711,16,11,16
762,31,17,21
852,10,16,26
595,40,20,22
668,36,24,18
611,21,14,23
240,8,22,30
379,33,22,18
243,40,17,14
480,22,7,24
69,30,11,17
716,23,17,15
918,15,13,16
1036,26,19,18
487,16,17,9
807,10,11,21
774,36,24,21
688,28,4,17
1032,26,16,23
70,31,21,18
61,18,1,19
339,17,13,19
862,32,17,19
304,39,15,26
619,5,10,20
284,29,1,15
1058,36,15,13
282,39,11,22
703,11,13,15
662,33,3,15
480,4,22,22
619,33,21,20
932,1,16,15
549,21,14,20
643,17,11,17
988,34,10,17
744,29,13,18
1088,3,7,14
364,24,17,21
407,34,24,18
967,2,16,13
1082,31,5,21
265,40,6,19
901,7,2,8
622,29,25,16
65,11,3,25
368,25,21,21
591,19,10,25
1004,11,24,22
684,35,16,16
131,33,1,21
717,5,20,28
773,35,21,16
662,3,22,12
822,31,3,26
434,12,4,21
107,4,19,14
26,32,4,15
579,24,7,19
182,36,25,19
639,2,9,20
378,5,21,20
1048,12,22,29
1000,25,25,16
269,24,20,8
331,25,7,22
109,18,3,13
747,20,25,10
1070,33,25,22
243,29,5,26
773,29,4,22
141,22,11,17
400,12,10,26
541,34,14,18
19,4,25,19
593,5,21,20
221,10,17,18
288,22,2,23
583,25,10,17
325,1,7,20
984,10,3,19
952,15,1,12
635,40,9,18
496,31,4,11
23,17,3,12
462,12,5,16
379,5,17,17
189,38,17,18
449,39,13,23
642,9,1,15
349,17,13,28
698,29,7,18
841,17,12,16
28,14,23,15
673,20,9,28
799,27,21,16
1072,39,18,14
1019,20,25,22
557,23,20,20
928,9,21,31
307,19,13,14
815,32,1,19
829,12,2,15
547,2,8,21
1080,36,2,15
688,21,12,19
86,40,24,17
660,11,1,14
911,28,9,14
574,12,25,20
1038,5,25,16
178,15,6,17
209,32,18,21
1093,17,1,22
911,36,6,13
1016,14,20,18
1087,9,16,13
795,17,24,18
382,7,24,17
829,32,2,19
748,6,2,17
167,16,20,27
1024,2,25,27
629,10,22,25
233,4,7,25
163,5,16,20
593,37,19,19
504,39,7,17
506,26,3,23
635,30,18,19
60,2,2,15
1086,18,9,23
400,7,23,11
989,23,5,16
544,20,11,22
358,15,3,14
487,28,24,12
247,3,2,20
38,3,19,20
679,12,11,11
446,34,21,20
16,36,12,16
54,8,15,20
749,9,17,18
18,35,22,29
772,24,2,20
549,24,23,15
1092,35,23,8
977,11,1,15
888,6,4,21
688,25,17,14
19,1,7,25
598,9,5,23
747,12,8,19
309,13,1,15
146,29,10,14
807,32,4,16
329,31,14,21
783,26,9,12
585,40,17,16
871,24,14,16
984,15,19,25
703,6,2,19
338,29,14,14
794,31,9,19
177,16,5,17
772,10,15,21
247,40,6,17
589,4,16,15
714,29,11,15
631,8,24,25
649,40,9,15
906,11,12,18
689,1,8,18
48,37,24,12
176,23,17,15
399,30,12,12
45,15,1,18
314,29,8,16
166,24,1,27
1016,9,13,15
481,11,5,23
881,15,20,18
699,38,5,27
609,26,8,18
191,37,11,18
43,24,24,23
772,22,20,14
683,18,8,20
237,9,10,18
817,29,5,27
532,32,20,16
685,12,23,19
657,17,3,22
578,25,5,19
434,14,15,19
454,25,14,17
642,27,21,14
427,13,5,21
73,37,2,18
421,10,7,20
436,9,7,18
282,13,24,8
409,7,14,16
320,14,23,23
926,36,15,18
369,40,17,9
394,5,9,21
621,13,4,15
997,20,16,20
1041,28,14,25
1094,15,1,19
512,39,2,18
832,21,13,9
874,17,8,21
238,6,24,23
415,25,25,20
57,10,9,15
617,14,10,16
594,19,24,11
50,11,20,14
470,32,10,23
809,10,23,14
485,34,16,17
332,29,9,13
966,29,6,16
145,22,22,15
206,14,12,20
906,2,17,15
90,12,10,29
170,22,11,15
463,1,9,23
654,12,18,15
420,12,3,23
397,4,5,11
309,17,5,22
715,19,5,25
133,1,11,26
304,17,4,18
280,34,5,7
201,7,19,23
491,33,11,20
298,6,12,16
448,6,17,16
197,32,15,18
732,28,23,14
61,37,2,15
851,29,24,13
72,30,1,17
823,22,6,22
452,5,1,26
199,29,15,16
824,2,24,12
283,10,2,16
1064,20,8,21
371,18,16,18
477,35,16,22
58,36,16,22
548,18,20,18
714,12,19,16
416,25,2,24
239,36,20,15
384,20,14,16
407,11,2,26
111,20,19,24
285,33,2,23
301,10,18,17
603,25,25,16
546,10,17,15
582,24,19,19
850,33,14,13
1095,34,17,16
642,15,16,15
354,40,19,14
641,24,17,19
633,15,12,14
182,10,25,20
110,5,21,14
164,22,4,22
103,37,8,15
404,31,1,14
1068,23,14,15
1056,11,9,17
249,10,18,16
806,35,24,12
543,22,23,15
530,22,12,18
413,37,2,20
991,27,6,28
831,1,5,19
880,5,23,19
849,11,18,14
532,33,14,18
1055,16,15,21
698,40,13,23
999,30,9,19
391,28,19,16
224,29,1,19
983,16,8,18
957,1,16,23
509,8,23,15
49,4,7,17
808,36,16,20
710,18,13,21
1039,19,13,15
346,36,20,16
780,9,19,17
493,26,11,19
239,2,16,14
666,3,9,17
926,28,13,21
861,20,19,25
926,19,23,15
77,19,23,21
233,37,10,16
171,15,7,21
534,6,17,19
747,1,10,20
1001,13,2,19
273,3,18,16
1049,8,16,15
757,23,3,16
838,28,20,19
549,33,1,12
474,34,5,13
516,34,1,19
58,25,7,22
172,1,23,19
273,7,18,17
146,38,4,17
854,28,9,15
829,17,1,16
300,38,22,26
147,30,1,26
921,1,6,24
549,28,17,25
1021,36,16,16
1082,18,19,15
32,2,4,14
410,33,10,30
431,7,16,13
222,39,21,11
51,18,7,20
809,7,2,19
998,4,22,16
705,17,20,14
573,19,22,13
895,5,7,15
459,39,7,24
803,38,5,29
597,37,23,21
1064,13,15,16
978,12,19,18
940,37,10,23
247,4,5,22
338,25,5,12
524,31,18,19
40,40,4,23
1054,15,14,17
832,28,18,14
297,11,9,10
847,29,25,15
303,5,17,15
732,2,12,20
606,20,18,24
432,22,16,13
889,40,24,14
242,27,3,17
731,21,19,17
864,20,10,20
492,32,22,17
311,36,21,16
932,3,20,11
659,8,7,11
146,30,1,11
730,4,1,24
990,7,15,17
924,24,1,20
151,9,24,19
463,34,9,22
11,35,14,25
427,9,13,18
853,39,19,12
896,15,16,12
301,12,17,12
39,4,9,20
991,17,14,13
591,9,3,17
985,31,9,23
1019,30,20,14
941,38,1,19
876,18,5,18
516,21,23,26
705,17,6,17
614,35,20,12
696,17,14,22
907,17,10,13
597,25,8,19
562,13,15,14
348,24,1,15
564,15,16,16
262,21,20,20
710,12,7,16
289,14,22,25
849,28,1,15
396,25,5,17
287,28,22,7
995,31,10,18
546,36,25,21
32,16,21,20
552,40,5,19
1055,29,8,13
1006,11,6,24
298,26,10,28
843,27,14,17
700,30,8,22
415,37,6,16
1059,3,9,10
27,10,15,20
645,32,16,18
947,5,24,14
743,9,24,23
604,26,1,16
936,35,14,20
346,5,20,18
196,16,18,13
210,13,7,15
974,30,12,21
528,11,10,22
629,30,15,24
404,21,22,14
190,4,7,13
107,17,5,15
668,33,11,19
444,31,3,20
528,6,4,20
1053,33,11,19
712,39,15,21
664,27,15,25
809,25,17,15
63,19,11,6
494,2,21,24
270,1,6,14
886,14,7,20
353,15,11,16
640,22,24,17
651,17,5,19
148,32,1,18
761,33,21,21
405,1,1,16
841,19,13,12
404,38,24,22
117,35,2,12
502,4,18,22
748,11,6,18
174,3,25,30
478,2,14,25
548,36,11,15
873,23,5,23
561,11,22,15
881,35,19,21
326,29,13,12
9,7,12,14
1005,19,9,13
705,6,4,20
286,25,6,22
416,16,4,14
724,23,22,16
956,11,1,20
951,33,17,18
1085,8,17,20
294,36,10,24
340,25,18,20
879,35,23,24
819,13,14,19
186,6,3,24
882,35,17,16
776,39,24,23
802,4,24,15
662,16,4,16
190,11,23,24
353,24,2,17
39,14,15,12
886,40,6,21
22,8,9,18
713,30,7,10
31,31,22,13
836,6,10,23
726,24,2,14
54,1,20,18
371,38,14,13
97,21,6,13
885,6,5,15
530,15,5,12
1060,32,20,15
318,18,12,16
1075,32,24,11
287,12,8,22
650,11,21,19
243,34,7,15
413,2,16,15
222,22,18,21
1055,21,16,28
872,6,19,18
1092,6,10,18
994,12,9,16
785,4,23,19
96,7,22,21
225,12,23,21
735,30,6,17
223,9,18,12
991,7,3,15
120,22,14,22
138,27,5,18
328,35,14,11
878,38,18,11
740,24,3,17
595,14,7,23
540,40,2,13
634,36,6,11
340,13,10,16
825,37,21,20
82,11,19,11
866,32,13,14
398,5,24,26
714,17,22,29
358,2,11,19
800,32,9,16
181,23,17,19
1015,5,11,13
560,40,13,17
203,38,3,20
784,8,10,8
287,27,24,24
133,2,1,18
94,40,24,20
1040,7,5,18
474,40,24,24
960,22,12,13
211,7,7,18
559,9,12,16
443,35,25,24
99,38,7,19
20,24,12,7
21,36,4,13
694,18,17,17
561,26,16,15
1047,39,18,18
108,15,2,17
836,22,17,10
605,25,10,8
24,25,16,27
776,25,7,15
453,38,14,20
115,25,20,14
394,7,15,19
952,40,10,15
620,24,23,18
778,19,24,17
596,22,22,19
1013,23,8,17
266,20,2,16
83,20,17,15
937,7,9,27
246,34,9,20
811,11,15,16
1011,8,13,10
671,38,9,17
628,11,4,20
707,25,9,17
129,31,9,20
199,37,15,20
767,26,11,15
929,10,21,17
508,33,13,16
1076,7,17,24
178,36,24,15
298,20,1,17
380,15,3,17
167,16,3,21
362,35,21,21
841,21,15,16
504,35,5,30
759,40,21,15
457,34,4,18
859,39,1,14
925,1,4,19
708,9,8,25
185,30,21,20
418,21,7,16
715,18,1,17
777,22,5,17
795,26,13,14
941,12,12,14
123,31,8,16
604,37,21,20
61,36,17,23
912,2,2,18
92,37,22,15
898,40,18,25
234,16,9,14
970,23,9,15
531,35,13,15
1018,6,18,15
788,36,17,30
826,22,7,19
1020,11,7,23
827,34,19,22
624,21,2,20
242,13,16,10
292,18,25,23
437,30,25,17
760,24,22,14
1078,1,23,21
528,37,2,21
50,28,15,18
794,4,16,10
799,4,16,20
189,14,6,22
938,11,22,22
682,23,11,23
219,12,24,9
659,4,9,28
720,1,18,10
825,40,23,21
358,10,25,17
648,7,6,20
190,2,23,20
1033,23,25,17
880,34,4,16
775,12,18,16
1012,12,2,17
1047,16,13,12
297,8,1,15
328,6,9,13
980,15,14,19
11,11,4,13
1025,30,21,23
812,10,4,21
519,23,20,19
444,18,15,17
743,9,22,12
900,9,15,10
155,6,13,18
958,16,14,15
1031,12,22,21
438,2,1,20
616,17,1,16
863,26,23,15
615,9,1,17
963,5,15,12
103,28,1,19
660,30,6,22
688,17,24,26
418,39,7,14
296,19,22,15
517,6,23,21
522,4,2,19
686,38,22,16
505,14,9,12
55,16,4,17
648,37,18,16
1004,32,25,20
628,31,15,22
1080,5,24,20
951,17,8,12
755,4,7,19
811,24,8,17
56,6,13,18
164,30,3,22
489,11,6,16
8,27,7,17
612,9,5,21
147,24,18,14
66,20,15,19
139,13,23,18
195,28,2,23
289,31,25,22
458,32,25,19
821,35,22,8
429,37,20,24
195,19,10,18
295,7,4,16
610,3,12,24
50,40,21,19
820,30,15,20
378,31,11,19
158,40,14,25
121,9,7,23
667,34,24,17
578,22,14,17
101,27,8,19
796,27,14,28
831,33,23,24
871,6,6,15
55,27,18,12
242,32,14,19
146,38,8,17
697,22,4,21
368,13,24,19
919,32,12,19
1055,27,5,19
803,40,13,18
679,30,19,15
261,35,22,20
668,13,12,17
888,1,18,26
810,27,6,14
825,22,6,16
851,24,17,20
448,23,16,20
217,35,12,25
831,9,5,26
530,27,14,17
117,7,16,10
239,24,5,15
941,16,8,24
1026,23,7,15
798,7,25,19
662,40,13,22
764,22,3,18
618,29,14,7
375,20,17,17
290,37,7,15
163,6,9,19
894,31,10,16
197,27,10,15
527,37,23,19
12,9,13,24
195,25,10,15
868,38,23,12
337,33,6,15
276,13,21,22
815,37,14,16
753,27,5,16
1052,19,13,17
786,16,8,21
313,14,9,17
365,4,20,20
947,39,10,15
1061,22,1,20
972,37,5,21
872,1,20,21
617,21,4,19
1020,30,1,13
100,27,19,19
966,34,19,17
44,29,24,16
65,4,22,20
561,7,22,23
1091,33,15,13
996,12,11,17
46,33,22,20
1094,24,24,13
621,38,5,16
873,1,3,17
209,34,17,12
990,17,16,27
381,40,8,17
286,22,20,18
872,27,3,12
418,15,12,15
346,15,8,15
366,23,15,19
357,12,11,20
61,27,13,19
384,40,23,13
578,9,8,18
13,29,13,20
572,37,16,21
363,21,18,27
833,1,16,24
468,12,13,14
689,1,14,21
837,27,8,18
268,24,20,20
235,24,2,20
917,34,20,19
215,39,8,15
456,35,6,22
602,10,13,20
339,24,3,14
825,27,7,15
719,7,6,11
1065,14,5,16
115,35,16,28
33,15,22,25
515,32,3,15
745,37,5,14
932,9,3,15
1013,39,15,11
680,33,2,23
500,33,15,15
302,38,13,21
839,32,2,15
824,21,18,23
609,5,10,20
794,11,4,17
255,29,2,17
107,8,20,17
625,27,25,22
693,12,14,19
562,7,3,24
1053,35,12,17
357,6,5,14
403,19,2,16
1003,36,14,12
125,40,23,12
1087,16,5,22
769,11,7,15
204,36,15,17
320,28,19,10
139,23,22,20
609,35,19,19
630,35,17,16
738,17,16,17
497,39,8,21
669,4,13,28
1077,7,25,17
436,18,21,25
731,23,11,16
615,28,1,13
295,36,18,14
856,38,24,17
1066,19,7,16
688,21,20,19
583,35,3,18
473,2,20,17
75,17,21,12
979,11,16,23
388,13,4,15
540,28,13,15
976,17,25,21
2,24,1,21
840,34,1,20
422,37,12,19
818,14,13,13
785,6,7,14
286,22,3,13
755,20,4,21
811,23,1,16
1062,32,18,23
125,22,5,23
315,39,20,22
44,23,11,9
332,20,3,15
165,37,18,18
763,39,17,16
711,34,14,16
666,17,1,15
184,15,17,19
403,21,7,19
662,1,16,18
441,38,1,19
577,34,15,15
379,29,2,25
674,2,2,21
562,20,24,21
309,13,5,21
989,8,4,21
51,23,3,15
276,11,8,18
860,23,14,22
115,36,6,17
860,28,23,19
136,17,11,11
21,8,5,20
530,1,5,18
362,29,14,13
906,3,24,16
219,13,17,18
319,33,19,12
466,23,11,24
121,23,7,16
62,34,13,19
1006,26,19,19
763,5,25,18
899,8,18,18
10,17,16,19
817,25,12,20
577,23,15,17
1008,28,1,14
759,34,11,21
349,8,7,19
419,19,16,13
165,13,9,19
54,26,20,23
319,39,9,17
1070,6,12,16
430,13,19,26
377,23,14,21
519,36,12,21
957,17,24,20
491,1,9,23
12,13,21,19
550,28,12,14
863,14,13,15
479,14,5,27
940,7,5,18
990,37,9,23
214,18,25,16
749,9,19,22
1045,38,20,15
873,20,6,8
468,21,8,18
743,38,18,17
445,36,13,26
720,25,16,23
887,2,20,10
211,30,5,20
664,8,22,12
107,25,11,22
671,30,17,16
517,30,22,10
705,13,10,18
288,31,7,12
1053,32,25,9
133,36,11,23
158,29,8,16
334,34,19,19
881,19,5,14
899,26,16,20
866,5,1,18
136,20,25,21
216,14,23,17
464,29,19,13
1042,3,22,23
134,20,10,20
347,25,14,20
108,5,17,20
423,29,13,20
15,2,16,23
504,6,19,18
853,36,12,10
174,1,16,20
111,31,17,19
117,27,15,16
1065,37,7,20
1030,19,19,20
276,1,21,19
1092,31,5,11
616,18,25,19
127,7,15,14
837,32,15,22
258,35,1,25
351,32,15,19
812,1,3,19
309,33,20,21
724,12,20,24
1067,24,15,15
146,4,24,23
199,15,8,22
181,32,20,30
192,24,10,13
131,23,14,15
767,25,25,15
164,26,25,15
334,21,3,23
937,6,9,13
761,22,24,19
114,39,20,24
972,37,10,23
828,11,21,19
361,37,2,15
189,30,23,12
230,31,18,17
750,33,1,10
774,12,11,17
295,27,5,14
517,14,24,13
74,1,4,21
1054,8,1,15
336,8,4,16
643,40,25,16
15,29,24,24
1037,26,25,22
575,26,23,24
1091,20,22,15
425,7,22,17
395,32,1,15
630,18,15,19
790,22,19,24
678,29,2,20
524,32,23,20
818,20,14,19
173,31,22,15
707,8,3,23
105,36,4,23
817,8,1,19
1067,9,11,20
275,14,20,23
848,33,18,20
97,15,21,14
15,30,16,14
229,30,15,19
532,40,25,14
832,31,25,17
432,5,17,16
936,19,22,19
838,11,2,26
908,37,1,18
640,10,25,22
624,36,14,14
683,33,14,21
1007,24,18,17
258,15,22,15
364,29,22,17
330,39,19,13
345,27,6,30
676,20,4,14
411,36,8,18
562,14,13,15
789,37,20,15
86,36,7,21
46,37,10,15
978,24,18,24
345,36,22,21
439,29,21,17
248,15,1,13
53,39,5,15
990,5,22,11
995,33,2,27
239,39,11,13
14,1,16,24
793,34,7,18
765,40,14,19
11,8,1,16
156,24,12,19
453,23,11,18
739,36,17,16
52,13,12,11
929,37,17,12
987,18,18,26
876,10,16,17
213,4,1,16
57,7,23,14
985,36,5,18
982,22,23,11
11,12,5,14
30,24,16,19
721,37,24,18
23,8,24,13
819,20,25,21
738,18,19,21
341,25,2,22
517,23,7,16
818,38,16,15
256,18,23,13
527,11,3,12
920,39,18,8
212,14,10,17
382,22,2,18
41,38,19,20
303,15,15,18
758,5,16,23
341,5,8,14
477,19,8,16
867,34,17,21
1011,16,25,16
934,21,21,14
292,32,14,13
832,19,21,14
555,24,18,17
680,35,21,18
530,18,16,23
918,14,6,23
205,22,23,19
79,39,17,14
528,30,19,25
473,12,4,26
837,12,23,9
923,30,24,15
97,3,21,15
614,40,7,31
820,32,18,18
248,27,8,17
629,28,18,13
1087,18,19,15
179,25,19,25
722,15,6,19
952,27,12,24
1035,15,6,16
417,30,14,17
1016,11,17,14
33,14,12,21
77,28,2,14
874,8,13,16
221,11,5,22
86,14,25,22
596,22,22,18
300,25,6,20
557,10,1,13
681,36,8,18
436,39,9,25
1041,24,12,15
50,6,21,26
504,33,10,18
880,22,3,12
948,20,10,18
432,11,14,19
781,35,5,12
823,35,5,23
350,1,13,17
2,26,17,24
716,14,25,23
854,2,10,14
870,5,2,12
781,39,15,17
432,15,13,9
372,21,5,17
857,29,17,16
495,21,23,17
37,38,23,21
533,36,5,9
274,14,14,15
601,33,10,16
762,23,15,17
575,8,2,21
733,20,24,22
686,38,19,12
1040,38,5,14
214,1,6,10
684,4,13,18
652,14,22,26
747,22,8,18
474,12,13,22
796,25,14,16
615,7,16,17
868,7,1,7
951,39,5,19
398,6,23,17
671,19,21,16
63,23,8,17
76,10,2,26
388,8,21,11
473,36,20,22
345,7,3,23
1048,3,2,18
850,8,24,15
329,13,11,17
1009,31,4,24
325,13,14,27
432,26,14,23
1069,2,10,19
1058,3,20,13
877,15,4,16
385,2,25,18
163,17,7,17
361,38,10,14
538,11,3,24
599,5,5,17
79,6,4,18
451,3,17,12
787,23,20,23
231,32,23,20
411,4,11,15
406,29,5,11
817,17,12,20
1082,31,14,18
56,35,22,11
1076,21,13,19
1013,23,11,22
973,31,22,21
998,1,12,12
720,11,7,13
284,1,1,15
994,7,22,21
382,13,9,19
702,20,21,15
1029,6,23,17
306,30,19,23
981,6,4,14
641,34,4,13
143,35,11,21
202,20,6,23
1025,38,19,15
974,30,19,18
746,33,21,23
553,24,11,19
942,31,18,11
277,16,17,17
751,40,14,17
219,16,18,27
371,27,14,17
52,36,13,25
466,22,9,20
804,15,19,16
934,1,11,12
611,28,19,16
68,33,17,15
867,36,16,17
338,15,18,19
825,31,15,15
839,6,22,16
766,4,14,17
297,20,15,25
760,4,18,14
617,10,12,25
263,7,10,20
569,27,8,23
685,6,22,23
126,31,18,21
93,36,22,19
904,27,14,23
104,13,18,17
672,11,1,18
324,9,16,22
394,8,5,27
339,10,21,9
588,2,8,12
907,24,20,20
518,35,2,12
794,34,23,24
200,11,19,21
1014,1,3,24
586,5,8,16
256,27,3,17
406,7,18,22
479,37,25,20
779,38,8,18
338,1,18,15
546,32,24,22
259,17,5,13
753,18,10,19
358,4,11,17
804,13,4,21
439,5,10,15
542,22,5,15
574,26,12,11
755,4,10,18
223,23,12,19
160,5,5,9
880,9,11,13
1024,13,1,20
272,9,5,18
804,4,23,20
779,26,24,11
500,14,24,21
591,2,14,16
191,31,2,21
427,26,10,14
499,2,1,18
217,37,13,18
1073,2,4,10
179,40,3,30
690,28,12,17
410,23,12,27
593,7,16,21
578,39,14,12
64,40,8,18
365,22,22,21
417,36,13,20
618,1,16,14
819,34,15,17
7,4,14,21
793,35,5,21
254,31,25,15
739,33,6,20
1022,5,22,20
793,11,17,19
222,32,9,16
416,1,18,14
228,6,12,18
565,28,13,15
1032,17,17,15
197,11,7,15
776,27,21,17
133,12,22,13
845,13,20,16
159,31,8,21
385,35,23,29
374,25,1,12
404,30,12,20
1056,36,22,20
97,21,19,19
883,36,8,19
387,28,12,18
820,27,6,21
777,12,22,18
185,10,21,12
958,26,24,8
51,29,6,12
732,6,7,15
2,25,9,20
995,8,12,19
875,11,6,11
399,17,6,18
1063,38,9,24
546,13,22,25
742,15,7,16
251,19,4,18
66,19,21,19
383,10,24,21
1051,28,13,21
67,37,10,15
702,25,10,21
500,15,21,16
755,35,4,16
681,16,24,20
599,37,21,20
61,27,18,16
50,5,24,13
216,24,8,20
525,2,23,9
536,40,15,16
174,35,9,18
882,33,25,25
606,32,4,10
608,32,7,20
35,16,1,21
914,38,17,15
793,23,3,18
792,26,22,14
902,5,24,13
404,7,21,23
1061,34,19,16
530,10,18,30
488,22,15,10
225,21,10,19
329,19,15,24
97,39,24,18
1041,25,25,21
336,13,7,14
424,19,6,11
403,7,14,14
431,31,18,16
898,2,18,12
710,4,6,19
938,1,13,14
629,23,11,16
11,17,25,8
841,22,25,23
539,35,9,11
126,8,12,18
955,7,19,23
122,1,19,30
352,25,25,20
368,24,21,14
392,33,16,24
450,11,3,24
1029,32,7,17
1021,29,22,22
236,1,10,15
203,8,19,19
720,29,6,19
362,31,9,14
793,35,18,15
331,7,12,21
574,31,5,16
321,32,5,25
257,30,6,21
376,12,18,18
628,35,6,16
329,10,1,13
294,26,11,20
403,5,16,17
808,23,7,22
721,9,17,20
578,33,18,24
1057,37,4,16
43,30,5,22
723,33,1,16
418,2,1,18
798,4,5,17
932,26,22,12
775,30,19,19
777,35,13,12
1023,10,5,17
45,31,18,22
626,15,24,18
37,21,3,17
1044,6,3,15
186,1,9,22
632,10,20,23
1065,2,14,16
934,9,3,20
300,17,21,17
377,16,22,13
235,2,14,19
881,16,17,11
895,35,23,21
27,28,4,19
1045,13,25,18
296,6,18,15
758,25,16,25
877,39,2,17
858,26,2,21
773,15,12,18
380,2,16,19
945,22,10,13
732,28,24,27
520,17,2,19
887,23,16,17
910,15,4,20
418,38,10,18
373,34,17,13
1017,30,4,18
485,1,22,22
219,16,6,20
249,25,3,10
274,23,9,18
368,33,5,18
829,34,9,18
197,9,13,28
611,16,2,19
602,37,3,15
669,5,7,17
710,12,21,18
90,5,12,24
722,23,25,16
673,8,18,18
959,35,9,25
1010,16,13,19
290,20,11,20
49,28,13,20
524,30,8,17
254,11,21,19
150,17,15,21
312,10,14,21
665,24,17,16
202,31,13,22
785,11,11,15
641,8,10,21
462,31,17,16
405,37,12,13
1030,37,23,17
843,33,2,27
39,9,1,14
955,3,15,16
660,13,19,22
852,28,18,28
1065,24,3,17
323,10,25,23
806,37,9,28
1062,15,25,17
778,28,22,23
368,37,13,14
1095,1,11,13
215,13,19,32
920,4,22,14
882,40,16,16
252,30,19,18
1074,3,8,22
837,20,12,15
355,35,21,21
689,27,2,19
1041,12,5,12
972,16,14,15
862,32,16,11
645,33,19,20
898,16,2,14
702,29,10,16
99,27,10,14
901,31,8,16
415,24,12,21
223,31,25,10
755,9,19,11
115,36,10,13
205,6,4,14
441,30,7,21
712,26,7,17
375,40,15,14
767,7,18,19
388,8,13,19
958,11,1,19
302,3,3,13
839,4,2,16
917,33,8,18
828,20,11,20
685,5,21,18
79,34,14,20
482,14,25,23
662,13,23,21
193,24,12,21
262,30,1,26
595,40,6,9
923,11,4,20
127,9,17,13
674,13,18,21
451,13,17,24
80,32,10,20
826,7,5,22
407,11,5,19
474,1,20,16
391,28,1,22
62,8,1,21
7,15,16,21
527,5,14,10
125,22,23,14
854,20,10,13
310,4,25,21
607,25,7,22
433,16,20,16
818,40,20,14
259,27,9,17
448,29,11,24
247,12,6,14
558,7,11,18
883,24,14,17
1061,5,18,24
1084,33,1,14
432,38,22,14
414,40,12,16
811,6,1,20
138,8,3,16
976,22,6,16
1026,14,13,16
835,9,5,21
174,13,9,15
1028,32,16,19
599,14,6,21
512,35,3,14
517,25,4,21
74,31,21,22
602,20,4,14
443,37,19,18
442,7,9,14
407,10,15,15
317,6,9,10
913,25,12,28
146,6,5,18
820,17,17,10
570,22,17,26
681,23,14,19
494,29,7,19
591,7,19,16
769,35,8,19
353,39,22,17
657,20,6,18
463,26,6,13
302,29,6,19
838,29,19,25
339,7,22,21
407,34,19,18
120,5,21,18
713,13,17,16
701,6,2,22
891,32,2,23
420,36,12,20
1049,33,9,21
922,33,5,23
732,19,17,19
517,18,18,18
782,14,22,22
457,21,6,21
592,39,18,21
639,34,19,18
990,31,20,22
736,17,16,19
838,7,13,23
146,21,17,15
1035,7,10,15
604,1,15,13
780,22,18,21
162,22,7,19
592,23,6,22
1014,28,16,21
762,40,21,14
757,30,8,8
615,10,3,18
904,12,15,16
1002,16,16,25
746,21,13,20
142,13,8,16
947,4,5,17
393,37,11,14
241,30,9,19
83,26,9,12
879,14,12,17
128,37,7,18
797,25,3,16
1052,39,4,20
106,27,15,19
339,14,6,23
262,2,1,19
770,2,2,22
565,33,22,14
256,2,25,16
882,34,20,15
359,25,19,16
37,37,8,18
696,27,13,18
680,26,7,19
761,22,2,16
567,7,12,16
367,13,4,18
685,28,10,20
25,28,6,19
682,24,2,14
670,35,6,19
786,33,11,18
197,37,25,17
417,9,20,26
6,3,11,15
872,2,23,23
388,22,9,23
1011,21,24,28
794,37,2,14
672,24,9,21
626,14,24,19
250,33,21,31
985,17,25,23
693,21,16,21
65,13,15,12
299,40,6,25
793,11,16,17
963,2,11,15
733,37,13,24
598,28,14,14
151,3,9,21
23,15,25,20
1087,24,3,20
611,8,7,22
527,6,20,23
505,32,20,14
606,35,23,17
290,13,22,14
233,28,4,25
651,4,5,31
229,31,22,21
589,1,4,21
1005,30,8,16
290,8,4,23
322,40,11,28
694,14,13,21
992,28,15,22
588,34,16,23
742,39,10,24
336,4,20,18
179,24,10,14
434,27,1,17
873,11,6,15
438,23,12,14
785,32,1,13
480,4,25,16
468,19,5,15
419,7,18,14
542,33,25,18
175,14,24,13
278,13,15,16
31,6,4,24
51,19,3,19
984,9,4,20
856,35,10,16
601,26,20,11
636,4,12,19
159,28,9,16
117,27,22,17
39,7,4,21
348,9,2,15
985,34,25,16
843,8,7,23
786,10,12,17
1047,1,12,15
35,8,21,19
491,39,18,15
141,39,1,21
206,17,7,13
134,18,19,15
1003,34,24,18
584,35,13,12
564,3,20,21
904,12,5,20
80,4,19,20
64,36,7,18
510,9,20,23
816,35,15,22
714,3,17,10
193,25,21,17
453,26,2,20
1024,37,7,18
1010,27,11,16
398,28,18,13
174,19,20,10
1051,24,2,22
413,37,7,21
643,40,15,16
538,38,19,15
405,25,2,10
301,34,2,20
628,15,2,22
751,16,11,16
724,4,6,19
1042,26,24,17
947,39,23,15
623,26,14,12
128,28,10,15
114,37,1,20
146,38,19,16
933,36,11,20
888,10,24,17
981,33,24,23
620,8,13,15
792,38,12,20
467,36,25,18
154,21,23,18
225,20,5,31
504,34,19,20
566,38,8,17
673,28,12,24
1081,32,5,22
393,12,12,17
101,9,11,19
203,15,5,23
59,13,8,19
16,2,16,22
901,20,24,22
766,14,24,21
906,15,20,14
570,29,3,14
582,21,6,20
741,10,5,16
838,38,10,17
733,21,21,22
281,35,12,15
779,17,21,21
853,4,15,19
319,14,3,23
896,40,23,27
666,32,21,19
1065,18,20,15
309,34,4,26
997,32,7,16
715,14,1,10
152,36,8,17
849,34,17,18
456,6,22,13
94,40,20,17
640,35,11,13
585,15,7,16
83,20,11,19
192,28,11,25
456,37,22,23
880,38,21,21
46,21,21,21
462,24,15,20
732,10,6,18
611,36,23,14
967,9,19,29
798,22,13,8
101,37,16,16
656,16,12,16
235,24,19,17
961,4,23,15
829,23,19,13
959,22,7,21
245,2,18,22
248,28,24,15
1015,19,14,19
263,20,25,20
684,28,14,14
618,24,22,18
483,27,16,26
208,2,18,26
976,7,9,13
136,1,21,29
223,11,4,16
1044,31,7,10
286,30,11,18
446,13,6,22
1050,24,20,14
573,18,12,19
557,13,12,12
814,17,12,14
792,30,14,18
333,19,10,12
115,12,2,22
1040,26,20,20
144,18,12,21
834,12,17,19
641,2,8,27
586,20,20,18
1038,6,2,14
209,1,21,22
978,26,12,17
647,7,13,14
1045,32,1,13
900,33,18,6
1046,10,14,18
410,15,24,18
915,31,12,18
782,24,20,10
87,29,25,19
407,18,4,10
721,7,14,19
520,34,18,15
678,14,24,26
10,20,4,19
30,29,8,22
775,37,18,26
278,31,4,17
568,19,1,26
276,23,24,21
477,7,6,22
198,6,13,14
484,35,2,20
1041,29,19,25
79,13,12,23
27,39,22,16
747,25,14,22
476,34,9,15
111,19,10,21
371,4,7,15
369,24,9,15
709,33,15,22
13,2,20,22
625,2,15,12
610,14,24,12
568,11,11,18
232,34,18,17
172,38,2,20
469,28,20,19
548,39,19,24
129,22,24,18
905,33,2,14
497,38,20,21
363,31,13,17
874,14,25,22
977,38,25,24
195,9,4,21
544,24,3,23
380,29,15,17
995,5,12,23
198,39,1,17
284,27,11,18
231,8,17,15
680,29,8,13
464,12,14,18
916,8,25,15
975,21,25,15
115,9,5,14
76,14,15,24
293,1,2,21
77,31,7,19
323,16,13,18
368,39,20,13
396,27,11,20
754,11,14,22
541,2,10,22
286,31,4,15
309,24,20,12
219,39,15,29
790,3,3,13
956,4,11,23
817,30,20,22
945,3,18,12
391,4,25,15
46,13,23,16
11,14,17,16
16,10,21,20
548,14,14,16
1075,17,15,16
150,22,18,11
421,37,3,18
625,21,13,27
425,25,3,12
294,3,7,19
886,19,19,24
162,32,23,13
523,15,24,24
270,24,18,16
1005,9,17,13
337,10,22,20
1021,32,9,24
572,40,14,22
546,7,22,21
1089,27,8,23
361,15,14,26
747,21,5,21
1094,10,24,19
1034,23,20,19
216,5,14,20
844,6,12,15
191,22,22,23
219,28,8,18
106,19,1,13
56,14,16,10
1092,7,22,21
602,15,8,20
1035,32,5,13
437,22,3,20
800,21,13,18
699,19,5,20
414,13,3,22
231,22,22,23
137,10,14,17
401,24,6,21
779,8,21,25
569,8,7,12
982,39,23,13
50,19,6,19
480,18,14,13
585,33,22,15
849,37,4,20
1077,29,20,10
601,32,19,20
208,8,10,22
110,32,23,18
737,12,13,17
171,22,12,20
807,20,14,15
1066,26,13,12
716,17,19,19
1003,34,9,22
930,31,16,21
590,18,9,13
905,3,6,16
778,18,14,19
216,20,7,18
588,21,19,18
538,35,3,17
547,30,15,15
77,36,12,22
723,4,1,21
982,15,11,21
1072,7,22,13
1047,32,3,29
65,33,17,17
520,13,13,22
493,17,8,23
743,40,13,22
141,38,8,15
540,6,8,18
1051,4,24,17
1036,15,13,19
1031,8,12,25
864,34,5,22
829,30,13,23
284,23,23,18
410,9,12,15
861,24,19,13
859,8,10,19
692,6,15,13
458,25,2,14
900,13,6,22
106,34,16,15
266,25,1,14
900,18,2,16
647,9,23,19
191,33,25,16
88,6,23,26
361,14,15,15
116,6,16,20
844,18,8,18
789,39,14,20
491,26,24,21
785,36,10,27
963,36,15,20
480,11,3,14
996,18,6,17
708,15,2,14
944,30,9,18
701,25,7,18
261,16,19,22
7,12,6,22
459,14,1,16
871,13,23,14
669,39,14,20
28,30,25,17
825,36,21,19
422,16,25,16
723,1,8,23
561,29,8,14
492,27,6,11
723,13,15,18
301,17,19,18
65,28,20,13
931,20,17,18
163,5,6,17
671,24,7,16
424,9,10,18
611,33,9,24
424,34,5,22
701,27,2,17
722,37,13,14
732,33,23,16
414,38,11,20
552,29,11,10
913,38,23,23
73,35,15,16
406,20,14,18
830,19,21,12
569,5,11,15
655,25,13,13
656,29,18,13
408,26,7,17
592,2,17,19
883,15,11,14
720,6,22,15
942,1,6,17
695,9,14,20
434,16,6,17
839,14,14,17
493,10,19,17
860,19,3,16
600,8,17,18
812,12,20,20
96,6,7,16
1052,35,17,13
880,6,10,15
1024,6,18,22
477,35,18,21
557,11,21,24
14,38,13,22
173,27,8,20
936,26,5,18
686,28,1,17
315,8,17,13
1065,25,5,15
783,19,16,15
343,16,18,19
989,26,3,23
462,15,18,22
990,39,9,14
194,12,21,17
333,24,14,15
1000,13,17,19
652,17,19,22
269,13,15,30
515,17,8,18
575,1,4,11
1088,11,24,14
884,20,15,16
732,31,17,10
502,35,24,17
56,39,25,18
114,6,11,17
723,35,12,16
519,28,14,19
932,1,7,20
164,16,3,13
881,12,11,15
129,28,2,24
752,15,17,14
191,8,10,19
843,4,23,11
824,31,1,18
415,30,22,17
553,35,13,19
651,6,14,21
262,38,17,20
947,21,10,19
192,30,20,22
78,16,15,19
352,8,21,24
404,27,17,26
763,33,13,19
1071,12,8,19
918,23,7,15
349,39,17,13
810,1,5,13
975,7,4,20
803,36,17,17
153,25,4,29
268,21,20,18
936,37,22,15
306,12,20,22
1092,32,21,17
285,38,11,23
543,16,10,17
24,1,3,17
1035,26,16,14
639,14,13,18
1009,6,7,19
787,20,11,16
774,3,19,15
130,12,21,26
743,33,2,25
380,1,10,25
240,19,11,13
146,2,24,19
308,23,13,13
824,8,20,22
885,34,1,24
626,4,18,19
532,8,7,10
229,27,7,11
513,26,2,27
806,33,8,17
1044,40,11,15
260,40,17,16
892,3,15,19
1009,9,12,20
614,10,20,20
197,29,8,19
390,21,5,18
703,18,24,23
346,17,8,22
641,21,25,14
114,3,13,26
959,27,14,19
848,32,14,21
726,29,1,16
709,29,1,19
261,26,9,15
675,9,7,16
941,27,9,21
912,12,2,18
165,16,8,19
419,2,1,22
552,39,4,19
197,27,24,21
1075,9,12,16
238,2,4,26
946,7,19,23
323,8,7,14
707,38,21,9
1089,6,1,29
12,19,11,20
903,15,4,10
939,28,4,16
1005,30,12,22
902,27,17,17
167,10,11,24
617,31,5,13
667,1,2,18
881,32,24,19
96,16,9,19
814,6,16,21
226,2,18,22
653,2,12,14
693,3,12,15
167,19,4,13
828,4,18,8
905,18,21,17
890,18,23,23
4,21,21,11
245,21,16,23
894,39,5,22
50,30,2,21
653,17,13,23
692,5,11,16
1015,5,3,13
348,9,6,23
978,11,14,18
485,38,6,21
208,40,13,19
661,14,1,25
974,38,17,29
631,6,25,24
92,14,11,16
669,8,2,19
395,30,2,13
1054,1,16,19
177,25,12,15
513,13,9,16
130,27,5,18
658,25,22,17
135,4,14,11
773,31,3,24
413,18,7,17
3,17,18,18
141,11,21,17
1091,12,15,18
900,3,4,25
426,15,24,18
588,6,13,19
275,5,18,15
995,31,16,14
82,8,1,22
808,10,2,17
760,3,2,22
802,12,16,15
636,28,8,12
1031,12,1,13
75,30,15,22
915,19,17,15
475,21,17,18
223,17,3,12
549,14,21,14
31,39,24,23
239,11,24,20
981,29,12,20
714,7,5,15
598,1,13,11
479,7,21,14
907,14,7,23
374,16,1,12
972,35,17,16
500,16,13,18
230,21,11,14
1037,13,17,15
399,18,24,14
1042,29,24,12
169,21,13,19
1074,9,4,21
106,31,5,18
197,37,23,11
41,17,14,16
539,31,16,19
699,24,6,17
383,6,2,14
142,32,13,16
931,31,23,19
279,18,18,21
22,9,4,15
434,3,16,19
25,37,4,21
182,7,16,22
689,26,21,23
103,13,17,20
899,34,3,16
665,29,24,19
495,33,6,13
324,5,19,18
783,36,2,18
651,15,22,13
92,10,14,18
515,4,3,21
125,39,7,16
1012,37,23,20
878,37,11,18
693,38,15,19
265,32,18,22
335,24,4,15
104,20,3,11
440,38,16,13
358,40,8,21
620,4,8,19
867,11,4,16
261,11,16,28
396,16,4,17
597,1,6,16
410,33,22,21
138,7,6,19
422,3,18,14
152,7,12,23
735,1,8,13
47,33,14,19
369,7,7,16
190,4,2,28
766,18,8,20
869,37,11,17
965,14,17,18
439,15,10,21
987,25,7,17
821,18,6,21
234,4,9,19
1089,2,19,21
114,26,25,15
51,20,5,21
374,15,5,17
1040,6,22,19
190,37,3,12
37,13,4,19
445,16,12,14
697,38,6,23
173,2,21,11
638,1,10,17
386,5,8,20
479,30,23,14
805,31,17,17
950,32,6,18
285,3,5,27
748,3,10,16
206,5,25,18
375,35,12,16
936,22,14,20
113,32,3,18
779,23,20,13
954,38,4,10
276,8,4,16
415,4,25,13
352,6,8,21
1074,27,25,11
905,19,4,16
1065,29,19,22
693,38,15,21
868,6,13,21
177,3,5,20
410,32,15,20
36,16,18,13
407,33,5,23
350,2,18,17
315,26,10,17
279,35,18,18
939,28,7,17
612,11,10,21
793,24,4,23
340,16,22,16
1084,25,9,20
102,23,13,17
161,39,16,23
998,35,13,21
815,25,3,20
545,39,15,22
870,33,17,9
817,22,3,13
466,10,3,19
1082,1,19,30
884,38,4,13
353,22,3,13
955,32,21,23
989,23,16,16
656,30,24,22
558,23,19,22
422,12,6,18
26,19,17,12
593,7,4,21
621,27,17,18
280,26,2,20
639,18,19,21
619,28,21,17
539,11,9,17
130,2,25,20
847,17,3,20
381,29,13,22
681,32,24,19
141,15,18,24
91,18,25,24
662,28,20,18
47,27,15,19
303,33,2,18
577,10,21,22
197,24,12,14
413,34,7,16
335,27,11,21
798,20,22,17
762,25,25,23
302,26,15,12
564,21,7,11
1029,13,22,18
726,33,8,18
679,10,23,16
30,28,23,19
721,33,24,21
635,11,12,18
151,14,6,24
956,20,14,18
884,36,5,22
1037,20,4,20
110,8,24,25
1062,15,25,24
807,33,25,20
403,19,4,23
692,12,9,18
425,17,15,20
122,33,18,20
92,20,7,12
27,31,20,6
919,38,16,16
19,19,11,18
336,19,4,24
389,13,8,13
93,38,3,20
262,1,21,18
41,11,5,23
752,27,3,17
48,37,20,20
605,39,9,17
256,1,3,15
545,15,25,19
219,18,10,9
102,25,17,20
902,1,21,20
302,19,21,16
1014,34,11,16
1060,10,9,17
428,12,11,13
135,39,24,17
577,2,7,20
316,32,1,20
368,26,14,16
239,20,11,22
697,6,14,18
29,7,23,18
205,2,18,19
232,17,9,26
908,26,12,17
855,31,14,17
622,34,12,12
592,18,3,16
336,14,9,14
390,5,16,21
52,23,21,18
537,1,4,13
168,20,21,11
932,2,13,17
956,37,18,16
351,1,8,16
515,10,24,30
653,5,24,20
432,13,8,17
975,4,16,18
828,24,23,18
2,27,13,23
966,36,2,18
547,36,24,16
819,2,22,18
108,32,21,14
625,17,13,28
56,12,18,17
40,12,19,19
505,21,4,18
973,8,4,24
699,22,21,20
12,10,2,21
235,20,9,16
916,28,25,10
424,25,9,19
275,28,21,14
603,4,4,14
1053,26,16,24
531,13,25,16
642,19,8,24
424,34,7,19
449,16,13,17
520,4,5,9
1051,20,8,13
926,26,21,15
665,38,2,13
561,30,16,17
868,6,22,21
614,38,18,18
316,13,10,19
73,36,9,17
1053,17,15,20
643,27,23,18
159,35,3,16
692,40,15,18
136,33,13,18
235,18,24,16
763,20,1,21
282,33,15,20
399,31,9,17
461,37,7,16
184,19,18,11
598,33,8,11
122,17,15,20
318,33,14,16
141,36,22,12
558,5,6,16
777,40,14,23
344,27,4,15
919,7,21,16
12,14,16,16
553,4,14,18
428,18,25,20
523,34,23,14
659,16,17,17
443,27,16,20
73,38,2,20
1057,20,1,16
148,19,15,20
331,1,9,19
349,23,13,18
637,9,17,10
636,28,3,15
748,20,6,15
831,16,22,24
654,13,9,23
54,33,9,19
426,3,20,19
934,15,17,18
83,16,9,15
618,30,2,16
373,25,15,19
840,14,10,16
850,1,10,15
292,33,4,18
1033,37,7,15
720,29,2,23
773,37,9,15
655,8,5,12
920,1,10,20
511,24,9,18
1088,1,25,22
495,10,8,16
1004,18,3,14
1072,21,25,16
939,10,19,14
342,22,25,14
720,9,18,23
444,9,14,23
263,40,11,20
146,39,23,12
128,21,2,13
774,31,21,22
625,2,2,16
268,24,15,18
974,33,24,18
302,11,18,22
1077,1,16,13
1086,8,25,14
909,9,2,26
485,21,13,17
421,22,20,18
717,29,7,14
582,40,9,17
780,3,19,27
345,25,2,19
434,18,22,15
559,11,1,16
528,30,21,15
366,25,8,18
195,11,19,15
1014,34,21,14
984,24,9,19
234,32,1,18
599,3,25,13
64,25,17,12
478,20,20,19
945,20,17,20
949,17,24,14
694,20,7,22
239,18,3,14
140,14,16,24
550,34,21,23
91,16,2,16
675,32,5,16
340,8,5,22
455,16,9,12
844,39,15,17
70,38,21,19
933,4,16,15
985,35,18,22
1033,28,19,19
708,14,6,19
1027,5,17,19
269,2,22,18
1030,24,21,14
385,3,14,18
901,23,16,11
982,11,2,13
96,38,18,22
624,35,18,15
125,1,3,15
553,6,14,15
946,6,18,16
369,40,19,22
7,26,25,17
277,35,3,20
193,13,7,11
160,25,3,18
488,22,6,14
980,17,25,19
247,14,12,21
6,3,22,13
553,4,16,17
33,35,20,18
970,28,5,24
1003,2,24,23
755,38,11,21
106,4,13,16
946,12,12,21
638,34,24,21
1091,37,16,20
4,30,15,21
54,21,7,18
980,28,5,10
45,5,13,21
852,33,15,19
171,34,9,13
450,32,17,16
367,27,4,14
903,3,14,22
311,40,10,22
677,4,23,22
204,36,5,22
251,36,12,19
1095,3,13,13
255,1,4,26
129,39,13,21
514,40,5,16
351,39,1,16
84,27,4,23
833,3,1,11
515,36,18,14
467,37,13,25
378,30,25,17
104,1,21,12
943,10,15,17
555,3,9,17
815,38,9,22
518,3,10,11
518,37,21,17
101,34,3,21
220,20,4,14
138,11,5,20
668,19,12,11
262,27,6,12
585,24,6,23
280,6,24,20
324,1,24,18
429,19,8,23
506,10,19,15
471,32,20,19
781,37,20,12
971,36,11,22
587,2,11,17
147,37,23,22
161,14,15,24
718,13,21,15
557,17,4,21
312,27,13,23
229,29,10,21
418,13,14,13
70,25,5,18
763,24,17,11
759,36,20,16
310,23,7,19
833,26,15,18
301,36,19,13
1054,6,16,10
841,16,7,22
317,10,5,18
221,39,17,18
130,27,4,25
759,2,16,20
68,10,19,17
147,8,4,10
468,9,6,20
5,13,14,16
585,8,20,13
212,27,13,20
447,21,14,14
369,34,7,20
59,29,24,17
316,30,3,13
123,16,3,17
592,1,18,26
379,29,22,17
673,30,22,16
917,22,16,14
506,15,1,19
663,20,14,22
404,38,25,19
983,23,18,22
561,31,20,23
687,17,16,9
1094,35,25,24
255,2,23,17
301,31,19,14
888,26,2,19
155,31,9,19
303,8,13,26
245,16,18,16
288,12,20,20
1053,19,2,23
199,13,7,24
53,1,22,11
440,13,13,29
299,4,8,13
983,31,3,21
43,8,14,20
816,27,23,26
976,8,8,14
19,24,1,15
52,22,24,17
751,40,11,17
505,29,1,20
890,9,11,13
475,17,6,18
349,1,11,22
118,32,18,20
652,20,9,17
166,1,13,16
141,25,10,20
508,27,10,21
28,23,3,15
1029,18,4,14
814,31,10,12
155,28,21,14
410,21,19,18
758,12,23,17
1086,37,18,12
196,24,7,15
584,39,21,18
90,33,25,10
640,17,2,16
396,33,25,15
180,16,9,22
665,27,8,18
1063,28,21,13
583,36,3,16
77,7,12,15
792,34,10,19
813,1,14,22
776,4,1,15
323,26,19,21
666,20,14,15
550,13,22,21
1081,35,20,17
320,10,6,15
1036,8,16,15
359,18,4,22
763,17,9,23
1057,5,8,23
432,30,6,19
301,31,10,15
75,39,24,17
875,24,7,15
243,17,11,19
281,34,5,14
527,35,14,15
522,15,9,20
272,11,20,13
381,34,20,17
213,8,25,16
1070,15,20,14
636,36,20,18
504,37,24,23
129,23,6,15
46,39,7,19
955,26,4,23
462,34,17,27
445,11,4,18
979,12,20,16
776,8,14,14
553,8,18,19
556,5,8,20
641,10,5,17
111,3,14,19
1023,37,9,22
225,22,21,20
418,25,20,19
388,4,3,20
849,37,17,17
423,8,23,12
950,30,25,17
410,9,18,20
795,15,4,18
921,1,24,18
797,13,9,17
366,4,11,12
466,16,9,19
444,1,6,24
346,14,18,18
597,27,1,13
373,26,4,20
322,32,6,16
226,40,18,25
18,2,22,13
849,16,17,18
771,28,16,14
853,26,22,20
595,11,21,18
122,23,18,15
11,30,12,22
181,31,20,14
413,2,9,21
388,20,18,14
220,29,5,13
313,10,3,19
961,18,2,20
419,31,24,19
431,4,10,18
34,27,25,14
319,18,6,17
275,31,13,15
266,7,5,17
632,19,7,22
683,39,19,24
552,2,6,23
183,14,14,19
442,36,7,14
490,28,17,15
1071,38,4,21
973,3,13,14
293,29,7,20
79,27,10,13
611,3,22,13
899,30,2,20
557,18,8,13
599,8,7,20
329,10,18,16
399,22,9,16
658,24,22,18
3,3,18,15
219,14,5,16
671,24,15,19
299,27,1,18
667,34,16,15
155,31,13,17
989,27,16,18
1027,29,2,24
871,29,25,19
653,12,17,20
865,14,4,13
1084,27,9,20
596,2,20,22
363,37,10,11
849,18,17,24
891,13,5,16
518,9,6,21
886,29,17,9
448,10,8,10
489,20,17,15
1006,37,22,20
1019,29,9,16
455,6,19,16
947,26,5,19
323,22,1,16
869,38,17,24
998,26,18,18
792,17,6,18
321,1,23,8
937,31,14,22
100,9,21,14
800,26,1,17
327,6,17,11
242,2,1,20
45,27,12,20
1056,1,3,16
540,30,13,20
750,18,4,11
782,34,24,17
653,21,9,26
113,1,16,21
625,32,14,18
475,34,5,19
1025,14,20,21
418,5,15,12
187,36,10,12
449,32,25,17
682,9,12,15
978,35,6,17
754,25,19,15
909,11,14,23
23,13,14,24
1090,30,7,21
932,34,25,27
712,32,10,22
328,30,15,20
857,18,15,21
960,39,18,17
235,3,9,20
774,7,16,21
874,39,2,17
1002,34,21,17
1010,8,15,11
228,32,13,13
82,40,1,13
673,14,2,19
189,5,16,21
18,7,23,21
1031,10,4,19
400,20,23,15
735,21,20,17
965,28,1,14
74,29,6,22
413,6,25,19
413,38,16,14
1040,3,16,20
260,37,6,17
1089,17,15,19
988,33,7,25
641,10,7,22
506,37,12,17
754,33,1,11
66,28,2,18
825,23,17,16
878,10,17,15
1063,8,8,19
488,16,4,19
636,32,13,18
596,25,13,16
209,37,11,23
775,15,12,16
951,16,24,28
112,17,14,18
580,27,21,15
892,26,1,15
734,8,9,19
1,11,3,17
759,27,7,19
401,9,15,13
668,11,7,10
750,7,11,23
951,28,16,28
803,30,12,21
896,36,20,20
531,9,24,17
499,35,8,12
592,13,13,19
772,4,2,13
625,10,8,17
115,26,15,13
574,3,12,16
851,17,5,23
716,27,2,19
37,22,12,21
36,36,6,17
325,8,8,23
643,33,4,16
399,26,10,17
963,31,16,17
333,11,25,14
709,29,8,15
279,29,16,26
47,38,23,18
730,37,7,10
159,15,24,19
35,15,12,17
488,7,7,20
825,29,17,12
510,33,15,20
629,16,14,32
918,34,5,20
661,21,2,11
1071,7,5,22
778,29,5,11
598,9,6,20
947,7,14,16
402,14,22,18
867,30,6,13
998,24,13,23
294,34,7,16
548,8,18,20
708,1,4,17
237,34,5,16
864,20,15,21
842,31,23,16
747,15,2,20
330,15,8,17
459,34,18,14
1037,5,21,15
185,22,25,17
1002,12,2,22
82,31,2,16
313,29,18,15
943,22,7,13
523,8,14,23
910,37,5,20
687,28,9,16
103,21,14,20
787,11,4,21
710,11,1,22
30,23,8,16
529,13,22,17
746,27,15,16
912,23,25,31
324,33,19,22
801,26,10,10
506,36,23,24
754,33,17,10
779,38,2,12
772,16,5,20
517,10,15,18
853,17,10,12
717,23,18,11
626,1,24,19
291,29,13,15
1050,25,21,15
666,6,14,11
37,10,25,25
651,40,3,14
66,14,6,23
1055,23,20,22
402,19,23,20
203,31,23,22
1024,39,21,20
954,39,12,15
376,38,5,15
506,19,20,28
982,1,9,17
676,38,7,22
1060,13,22,13
25,34,19,25
424,17,5,16
999,32,4,15
683,34,21,18
489,33,18,17
422,28,5,20
109,29,7,19
632,37,13,21
729,24,16,19
853,16,11,26
335,13,3,19
629,26,4,22
536,7,17,27
448,14,9,17
117,32,19,13
1005,11,13,24
1087,32,12,23
742,11,22,22
488,20,17,21
618,34,13,16
181,22,21,25
330,23,11,15
790,29,10,16
559,12,21,23
1040,39,5,15
496,31,17,21
34,29,23,20
720,31,21,10
974,12,1,20
966,35,16,23
567,27,8,15
888,15,22,18
74,30,23,17
623,7,20,19
457,36,17,15
240,24,8,18
671,18,14,19
1087,24,17,21
1071,32,9,19
531,12,6,20
1035,28,21,22
377,11,2,21
223,3,24,19
74,37,25,19
134,3,19,13
306,29,13,15
541,32,10,22
277,38,24,15
837,31,10,23
600,1,15,13
440,37,5,21
796,21,20,17
56,20,25,15
183,11,7,26
940,10,13,14
1053,3,20,15
1027,14,21,16
325,31,11,18
1010,35,21,28
779,9,2,20
176,6,21,20
617,29,15,21
949,22,15,21
393,3,19,21
358,2,5,23
1080,28,17,19
1040,37,8,19
187,5,25,24
746,9,25,22
273,32,16,24
495,17,15,17
607,11,24,20
216,38,18,16
113,35,18,21
30,18,15,14
338,36,10,20
980,19,5,24
1071,25,22,16
917,40,16,19
41,31,21,9
353,23,12,15
624,14,17,14
201,27,12,13
216,35,1,16
653,13,11,20
222,36,8,20
225,24,5,26
119,33,8,24
570,7,11,24
472,9,11,19
1047,21,14,21
697,32,14,16
209,2,19,21
694,25,11,19
607,1,21,22
438,11,2,19
246,16,8,14
912,23,11,19
869,15,1,15
248,27,5,11
391,16,23,11
245,33,21,16
769,39,15,18
807,8,19,18
637,1,16,12
125,19,4,20
197,26,12,20
214,37,25,14
461,3,5,11
529,24,19,16
498,22,11,20
391,1,7,18
870,39,6,18
268,9,13,15
439,33,15,17
822,23,3,15
1039,34,3,18
1054,35,4,20
567,10,10,9
621,32,19,16
316,2,6,11
648,7,1,21
932,24,1,12
841,3,7,18
742,12,16,20
838,39,24,21
60,36,4,22
487,27,16,16
737,1,7,21
637,36,18,18
1093,32,25,11
585,27,15,23
380,31,9,22
61,33,11,15
417,32,7,21
473,4,21,27
367,25,7,11
337,39,23,12
256,29,3,21
360,9,7,18
623,14,3,22
19,5,12,19
646,17,3,24
712,32,7,15
441,6,23,15
403,5,6,28
125,29,15,15
937,28,23,21
347,10,10,25
468,23,5,22
678,19,9,18
383,4,17,24
325,32,21,12
656,20,19,12
551,28,24,12
865,36,23,22
563,23,17,20
901,3,9,19
116,24,21,12
83,2,17,25
446,18,1,24
809,32,8,17
85,30,19,19
195,38,9,13
59,27,8,14
860,38,6,10
693,38,15,18
814,14,15,26
358,1,6,16
652,1,21,15
88,40,15,17
1089,8,18,18
978,17,22,21
535,1,24,21
295,14,6,18
1084,13,23,19
556,30,18,16
748,13,18,21
1094,3,19,20
924,22,23,15
546,35,24,24
907,14,20,13
833,40,13,16
138,22,11,19
410,33,15,12
906,12,6,20
329,24,25,14
45,5,23,15
666,9,11,23
874,2,4,18
36,31,15,11
408,29,16,25
763,29,24,21
642,36,14,24
742,30,24,12
351,22,23,14
679,21,5,19
154,12,15,12
197,7,10,14
68,25,6,21
854,8,16,11
1094,33,16,15
799,16,19,20
383,40,3,21
1022,10,20,20
325,12,18,24
549,22,22,20
118,7,19,11
514,21,2,17
689,40,9,13
979,38,1,23
1041,22,4,20
307,9,25,22
370,20,21,15
28,13,22,25
890,24,4,13
882,30,6,21
639,18,23,13
618,25,6,19
215,20,22,17
870,11,19,16
539,40,8,12
172,34,8,26
804,23,20,10
656,26,24,21
316,23,13,16
471,33,9,18
1046,25,21,16
206,34,19,16
377,26,7,22
691,39,20,18
854,5,8,19
383,29,11,19
151,30,3,17
364,27,17,26
335,37,5,26
287,25,6,15
924,10,15,18
323,34,9,14
426,12,19,14
665,29,6,20
801,39,8,27
407,19,12,19
348,19,16,17
821,29,20,18
144,2,22,14
421,26,3,20
235,37,16,15
651,34,25,14
780,30,15,19
277,12,11,20
402,20,6,15
654,33,2,20
661,9,23,16
488,2,7,21
1059,28,16,15
1087,34,1,11
373,21,13,21
887,19,4,9
319,14,1,17
617,17,22,17
118,5,5,17
767,21,16,20
243,22,19,11
908,40,12,15
544,20,9,22
619,28,25,21
97,32,6,10
304,19,22,24
991,28,9,10
617,23,2,24
869,33,1,18
805,18,10,24
119,35,3,18
957,37,24,18
204,36,18,13
34,19,24,20
518,26,12,29
558,36,15,15
406,26,14,15
355,7,10,12
114,23,6,31
608,5,20,21
11,23,20,10
317,36,12,14
588,32,23,10
691,15,23,12
63,27,9,14
10,17,4,12
499,20,25,15
984,16,4,15
919,28,2,20
156,31,7,19
172,16,25,17
237,14,11,23
240,10,16,19
386,2,10,19
570,33,15,12
170,22,2,18
421,2,12,14
1047,7,22,14
296,30,22,18
221,38,15,12
234,39,11,12
909,19,10,10
474,38,3,16
481,17,8,15
778,37,21,13
193,10,20,18
820,15,20,22
319,5,5,14
438,38,11,16
638,35,12,15
86,4,20,19
562,35,11,15
1068,1,6,15
249,17,8,25
777,21,13,18
23,22,15,14
764,5,2,18
212,36,23,18
930,38,6,27
702,9,20,19
1024,20,2,23
727,14,15,17
577,20,1,21
625,26,11,12
1062,4,8,14
890,39,24,15
370,20,9,18
776,11,15,14
432,7,5,23
123,31,9,17
1051,8,4,9
583,23,10,14
3,15,4,16
853,1,5,21
145,10,19,24
72,24,21,19
1067,15,13,12
776,21,21,24
409,22,11,20
362,24,12,12
311,10,14,21
173,23,13,22
475,16,4,23
835,5,13,21
825,33,5,17
1078,36,21,13
536,25,9,18
574,40,1,20
611,26,12,16
808,2,23,15
157,34,17,21
1032,31,1,18
459,40,19,19
417,19,5,18
320,37,12,15
88,18,25,17
706,3,25,25
5,7,12,14
728,23,11,19
991,37,16,24
512,1,17,15
582,7,3,19
837,22,11,22
591,3,17,12
411,19,1,19
566,30,15,16
382,9,9,22
791,35,18,22
615,35,1,19
315,13,6,22
366,26,2,10
1086,28,5,14
822,25,3,18
125,39,5,16
971,3,8,26
653,11,6,18
42,30,11,15
1035,33,11,21
240,34,11,23
369,3,8,25
406,5,6,23
213,31,16,22
109,4,20,19
177,8,20,19
37,17,3,22
985,22,8,11
570,38,13,20
962,24,10,16
987,31,25,18
161,25,8,14
914,38,25,14
75,32,10,12
37,26,13,22
548,36,25,18
438,27,3,23
710,23,4,14
950,20,16,8
225,27,3,19
832,17,21,16
694,14,9,17
430,3,19,28
170,40,12,20
624,27,6,26
93,14,4,14
824,28,14,18
15,25,1,15
286,40,8,12
1047,11,19,23
780,12,16,15
503,33,8,16
604,20,5,22
863,34,8,14
123,23,17,20
615,19,6,12
580,36,3,24
441,1,21,11
865,10,20,18
469,1,11,20
526,5,13,19
16,22,25,24
293,2,19,21
251,9,23,15
779,7,20,22
161,21,3,20
1087,7,19,25
340,9,20,22
289,40,7,21
1009,9,11,19
802,12,9,23
861,36,15,16
962,9,12,17
242,10,12,19
968,10,6,15
839,17,17,16
372,38,24,21
606,4,18,18
487,16,9,23
661,36,11,10
916,27,19,16
159,6,10,18
568,40,11,20
194,9,23,18
538,32,6,17
1092,38,9,15
542,30,16,25
997,14,3,12
706,29,16,16
819,28,18,19
752,22,19,21
270,31,16,18
932,17,4,25
821,17,5,23
1014,15,22,20
447,32,23,19
734,28,10,13
442,11,19,17
514,39,25,21
469,17,19,12
675,12,3,18
318,39,8,22
328,9,19,19
59,25,23,14
937,26,17,18
929,4,1,17
225,19,21,19
382,13,13,13
335,29,25,16
770,9,11,20
131,40,12,12
202,7,24,20
787,7,2,14
745,21,24,32
274,9,10,17
675,27,9,19
1019,21,16,23
649,5,4,9
946,5,16,22
12,8,25,23
219,15,4,15
853,13,24,13
305,33,23,8
539,32,7,19
246,36,15,23
183,23,25,18
489,34,24,16
630,18,11,23
515,12,10,20
216,23,10,21
888,2,6,27
355,27,20,21
663,31,5,19
826,22,20,28
530,5,1,16
625,17,22,22
182,7,25,16
799,18,15,23
486,2,23,19
320,31,14,11
1061,28,4,20
617,3,12,15
868,9,15,17
759,33,17,12
206,28,16,14
353,28,15,16
883,18,8,17
882,15,12,20
373,11,18,17
146,25,14,16
564,5,2,18
1066,27,23,15
208,12,12,18
2,10,24,14
563,9,2,12
911,2,18,14
1041,9,4,18
182,16,25,21
384,1,9,19
665,21,8,18
109,37,7,12
587,39,13,11
590,1,24,17
644,40,12,21
364,14,12,19
1034,40,23,26
612,32,13,17
2,24,19,15
921,39,4,12
381,37,2,16
990,33,24,17
828,30,13,22
781,26,11,23
674,14,24,21
510,12,7,21
551,3,9,13
554,7,7,21
980,21,3,23
622,27,24,18
598,10,3,18
509,10,1,19
423,36,1,14
455,17,20,21
253,34,14,15
159,18,2,22
758,26,11,26
285,2,10,18
1075,9,15,28
717,5,11,17
1017,26,8,24
79,15,1,20
967,25,6,25
837,26,20,24
14,28,8,17
94,23,19,24
1047,21,21,13
344,22,23,17
568,19,17,23
926,10,14,20
460,36,4,15
757,31,2,15
365,31,16,26
424,35,20,15
94,11,2,13
386,17,11,24
919,33,14,19
470,22,18,11
190,26,10,14
155,36,23,25
733,2,24,20
37,32,12,13
326,3,11,13
528,38,23,11
20,23,9,16
842,1,24,12
942,5,16,14
379,37,8,25
726,1,22,23
657,18,5,15
464,5,15,15
394,18,15,11
898,35,17,13
578,32,2,24
1053,26,13,17
238,33,11,17
644,24,1,14
954,27,9,18
204,19,4,12
162,18,16,15
856,15,16,29
345,27,3,23
105,11,18,16
281,24,7,21
158,3,22,21
951,39,10,22
601,7,10,14
920,12,7,13
1018,33,1,18
232,22,17,30
423,35,20,16
205,14,5,25
770,26,11,17
528,19,2,21
152,21,10,20
477,31,14,15
1063,5,6,17
359,35,2,14
524,17,7,26
581,32,10,13
143,4,18,23
60,10,1,20
320,30,12,16
898,37,25,20
966,9,4,20
164,26,1,19
269,22,14,21
770,21,24,15
888,23,9,10
1064,12,22,16
1063,31,10,17
675,17,12,15
173,40,14,20
162,21,12,24
382,33,20,23
810,15,2,17
17,32,24,19
35,35,3,17
357,15,13,18
262,29,22,26
74,11,6,17
811,29,17,19
407,22,23,22
116,26,16,12
865,18,23,11
418,25,5,16
748,21,18,12
448,24,4,20
807,28,23,31
209,3,15,19
96,13,13,15
1004,38,14,19
846,6,22,24
1028,11,9,23
51,23,8,21
563,9,14,18
133,17,21,21
842,9,7,18
887,19,3,17
1047,35,4,17
486,32,23,19
87,28,17,15
1072,28,9,19
673,15,23,21
449,19,25,14
518,33,23,14
1051,23,11,16
475,28,21,12
492,4,1,17
646,31,12,16
808,35,7,20
153,5,9,24
499,33,3,12
837,32,11,18
702,15,21,14
79,37,10,15
1070,34,19,13
422,40,1,18
560,9,14,14
1057,35,8,15
530,24,7,19
1060,18,10,15
877,17,24,17
612,1,12,23
875,11,19,28
31,33,21,15
1045,6,7,15
357,29,9,20
742,20,22,17
677,18,19,24
769,14,7,16
311,20,16,22
535,18,7,17
369,27,12,25
331,18,3,13
999,17,5,19
816,25,6,18
357,5,17,21
99,6,17,17
642,40,4,15
251,36,10,32
296,33,23,22
408,15,23,16
359,39,8,16
622,16,14,18
1033,38,11,12
634,39,6,20
299,24,13,18
725,21,15,19
974,38,23,19
562,13,12,21
604,29,22,16
603,34,21,18
1034,5,22,25
707,3,10,20
1054,21,12,17
150,9,4,27
92,3,23,16
713,30,24,18
364,3,8,24
297,39,20,18
952,34,3,14
485,17,7,28
581,14,23,16
654,11,3,18
1038,1,1,22
687,1,19,15
784,15,14,20
359,2,3,19
555,12,22,23
767,2,2,22
933,23,4,19
654,34,5,17
1065,17,6,22
87,14,9,20
841,11,10,21
1043,20,5,21
140,7,18,18
131,1,7,23
926,15,10,15
179,38,11,20
867,34,17,23
811,9,8,22
406,1,7,20
348,9,14,18
861,2,11,16
1063,22,8,24
231,25,1,16
487,14,6,11
977,35,14,16
57,16,5,25
54,19,16,11
421,31,13,18
59,2,16,23
430,32,14,17
447,36,2,19
867,11,24,22
653,8,18,22
839,5,2,19
212,34,25,18
813,32,22,20
133,6,3,19
940,8,9,24
25,34,18,22
984,4,24,17
712,36,20,17
935,25,13,12
48,26,10,17
52,33,2,19
60,9,21,13
473,8,19,24
791,17,9,32
820,15,8,20
751,13,22,22
183,3,13,18
64,12,6,11
321,29,9,21
629,1,14,25
928,32,2,12
612,37,7,17
931,20,12,20
731,8,11,14
572,37,19,21
566,31,19,17
767,31,15,6
411,25,20,9
21,40,13,24
944,8,15,21
547,30,21,21
454,30,5,21
1015,27,1,15
5,35,16,11
673,13,22,19
921,21,11,24
633,9,15,17
948,24,13,17
684,33,15,16
788,1,18,19
746,8,15,26
312,3,2,18
631,14,9,21
520,14,17,20
851,33,18,19
64,4,10,23
649,38,9,14
584,25,20,13
15,13,20,24
91,39,25,15
934,25,21,17
804,38,20,18
10,9,9,14
279,38,4,19
1092,38,15,13
133,35,20,12
516,29,23,11
414,14,10,24
225,38,10,10
909,34,16,32
416,25,1,18
417,28,19,21
826,30,4,15
638,39,8,18
112,37,25,20
1038,2,17,13
403,21,3,21
107,34,3,19
1027,19,12,15
951,40,8,20
647,38,21,20
327,31,5,13
757,26,15,21
438,12,8,16
1062,30,13,13
575,26,22,14
832,31,6,20
6,15,23,18
640,10,10,17
308,36,1,8
172,40,9,15
933,26,5,25
944,9,24,28
432,17,12,18
165,6,13,19
49,22,6,21
1063,16,16,20
164,22,12,16
1092,39,22,17
833,4,4,21
1009,4,3,18
274,9,2,16
681,14,10,13
866,26,12,16
740,3,4,30
503,32,15,20
616,11,14,15
689,3,13,17
1052,13,17,18
144,13,22,14
483,24,23,26
116,20,5,22
22,10,10,19
336,23,10,18
333,33,17,21
1073,35,19,19
284,14,22,13
64,16,23,18
1050,30,25,21
277,19,12,14
1017,33,2,15
197,2,3,23
24,38,15,16
577,8,13,9
791,20,4,18
592,3,21,21
8,21,14,9
557,1,13,12
473,21,7,24
366,8,14,16
1036,2,6,17
906,23,5,21
63,11,13,27
550,16,6,20
914,9,17,22
402,32,8,17
666,39,7,15
793,36,14,20
464,23,3,10
245,30,18,18
429,10,25,19
954,31,21,16
786,26,25,18
48,39,15,19
14,30,15,14
391,2,25,14
678,29,19,21
1088,32,19,20
495,38,13,15
746,21,14,21
249,27,25,19
81,24,19,12
386,34,23,15
466,23,19,18
487,14,17,18
106,39,12,14
36,5,16,19
696,9,19,19
149,37,21,16
575,8,13,17
386,7,10,17
202,30,8,23
655,12,23,19
446,20,17,15
259,29,13,15
254,12,2,27
430,20,25,15
714,22,12,22
1055,23,24,14
779,26,18,18
283,28,19,24
942,40,24,16
70,9,16,14
299,5,20,23
813,2,2,23
818,28,20,21
141,13,6,14
780,15,14,19
654,14,24,14
303,39,3,14
551,14,21,29
213,3,19,20
403,10,8,17
1085,38,8,16
820,6,6,24
1020,20,10,18
440,35,11,14
910,20,17,18
357,3,11,19
108,4,19,20
140,11,23,14
243,31,13,15
606,29,24,16
342,38,3,24
989,20,6,16
224,24,2,13
716,23,1,18
759,22,16,20
1023,22,25,11
962,20,9,19
872,38,21,23
691,7,1,14
557,24,18,19
384,37,17,17
424,25,16,14
390,14,6,14
947,29,18,12
943,3,14,24
919,39,17,21
552,29,6,19
421,16,11,18
698,21,2,23
917,22,25,17
923,21,3,18
907,22,8,18
1052,9,9,26
852,23,10,20
175,9,21,18
559,32,22,22
486,36,13,19
605,36,12,22
245,5,10,15
513,26,21,26
35,4,14,18
261,24,6,21
1084,14,2,18
100,27,15,20
672,12,25,21
749,18,23,16
607,9,22,29
40,2,15,23
810,38,4,14
74,32,25,14
735,13,11,14
904,24,7,11
859,2,15,14
29,38,20,22
846,19,19,12
1047,18,14,16
516,2,10,22
244,26,24,24
546,24,6,20
617,27,2,18
27,29,7,13
159,8,24,23
667,31,21,12
956,34,3,15
805,14,8,13
633,4,18,21
195,29,15,27
646,39,11,22
1019,33,22,22
500,21,23,11
461,1,10,18
907,27,25,21
27,2,21,19
245,10,17,27
130,10,18,19
567,30,24,14
522,1,1,21
1013,31,2,22
291,35,5,19
646,29,10,21
991,13,12,28
767,9,13,14
182,40,16,13
734,11,3,20
1006,24,4,15
835,25,16,22
82,13,10,23
632,14,14,17
60,3,21,13
782,6,19,22
784,13,5,24
421,1,19,18
993,29,11,24
1085,14,17,19
793,12,7,19
570,26,4,19
590,23,15,21
421,3,24,20
133,14,4,19
822,34,16,19
1034,23,23,11
1094,10,19,12
1081,4,2,15
538,39,11,17
679,10,19,19
172,24,23,21
320,34,14,18
432,24,12,23
1072,25,19,27
174,15,10,20
352,12,8,14
986,1,24,17
398,9,17,19
765,14,23,15
723,31,8,23
260,24,9,23
652,10,24,22
995,18,14,25
374,3,15,23
643,12,16,19
1027,35,22,18
637,23,8,16
298,22,3,15
464,11,2,22
973,23,1,16
156,12,8,17
117,29,23,19
110,25,6,16
913,24,11,17
613,4,3,9
716,37,14,17
54,29,22,18
540,3,5,14
240,31,21,16
256,25,20,17
25,37,13,14
254,23,21,21
99,22,5,16
719,29,5,14
689,36,10,26
944,13,13,27
380,3,10,15
943,22,8,19
574,36,2,18
417,10,2,16
492,9,22,12
170,19,19,26
599,8,10,16
539,33,15,21
230,20,16,16
8,30,10,20
190,35,10,13
372,31,20,20
934,19,19,20
883,14,4,14
1028,10,2,27
1078,3,9,19
453,34,11,21
146,28,3,23
941,19,7,19
786,39,25,18
904,26,25,19
1053,4,6,16
822,12,1,22
836,26,12,19
944,7,18,20
716,3,9,15
785,26,5,22
509,2,13,18
317,12,18,18
180,32,15,23
554,38,15,16
879,11,6,21
791,32,7,18
700,15,13,11
488,6,12,13
1067,26,10,27
443,8,22,17
202,8,1,12
221,38,11,20
632,8,16,19
828,17,1,19
388,39,18,23
991,19,11,25
988,3,9,15
1028,9,14,21
388,33,11,17
161,32,1,22
654,32,11,21
496,6,9,15
905,29,22,23
832,37,2,17
190,17,10,13
89,19,3,18
494,31,25,16
261,19,13,16
878,23,11,17
1037,35,18,19
250,14,14,17
596,1,5,17
91,33,8,16
674,36,10,17
394,1,6,12
422,20,15,16
186,22,8,13
976,35,22,14
448,3,4,22
660,12,24,19
40,37,9,17
152,13,5,18
314,12,19,18
630,2,17,22
178,20,2,11
782,1,13,21
19,35,17,18
1054,24,25,26
272,38,14,17
22,26,11,16
838,11,7,11
621,15,2,15
939,6,3,18
489,40,11,20
403,9,3,18
517,6,1,23
583,17,19,14
399,23,14,18
630,31,17,12
1029,16,19,22
438,22,19,15
317,16,21,16
125,12,19,16
894,9,19,19
76,6,1,11
966,4,25,16
793,38,11,20
347,17,1,13
941,10,23,17
130,40,7,19
662,35,8,26
701,21,7,21
1016,19,15,19
485,27,16,8
578,11,22,14
666,6,8,9
552,28,10,18
300,3,4,21
292,24,13,12
952,37,4,13
935,13,19,13
985,15,24,10
909,9,6,16
996,39,16,15
780,35,24,10
533,18,24,15
87,3,7,17
781,28,13,22
558,16,3,19
624,23,21,14
441,32,18,16
132,10,17,16
936,38,3,20
53,38,20,19
39,13,4,22
338,15,11,17
394,28,18,18
1020,13,19,15
51,35,8,12
886,2,13,18
719,1,25,20
315,32,18,25
115,30,22,21
845,22,1,12
1041,4,20,21
1021,24,25,27
833,14,17,18
257,17,3,22
523,14,23,28
579,40,24,24
823,39,7,21
1065,27,23,23
617,21,6,21
281,40,15,28
256,35,7,18
217,26,7,18
450,31,12,18
951,33,9,14
658,11,9,18
784,16,11,26
714,6,10,19
503,34,10,17
674,32,15,19
376,21,16,23
60,29,8,26
588,11,13,18
552,5,9,14
657,27,14,19
824,28,22,19
1089,31,20,15
1056,11,25,20
911,13,18,9
250,6,24,16
74,27,2,21
520,30,23,19
784,19,9,28
779,14,10,20
279,9,20,9
952,28,11,26
824,28,24,13
1018,25,23,22
807,26,10,19
648,4,19,19
645,3,1,30
773,34,24,14
531,21,14,23
381,17,9,18
61,38,5,14
188,34,12,14
386,12,20,19
503,25,18,19
178,21,17,12
959,18,20,20
114,36,8,21
208,6,25,20
455,20,1,18
530,20,4,19
876,32,12,16
602,31,16,11
904,20,5,21
1088,30,18,15
654,3,18,14
78,20,19,21
603,8,13,18
35,21,1,21
616,23,8,18
588,1,1,17
427,2,20,19
131,10,7,11
457,37,19,20
957,30,25,24
279,24,3,15
260,32,21,19
608,30,18,23
1028,38,21,14
218,14,18,22
859,3,24,11
848,25,25,24
286,7,21,20
48,17,6,15
470,27,20,21
996,38,14,22
66,38,7,14
230,23,11,16
756,32,21,15
12,2,5,25
613,11,13,16
686,34,13,20
242,34,1,16
213,7,2,17
874,10,18,15
341,25,4,16
1061,2,14,17
445,30,5,17
327,17,16,17
475,29,20,13
559,18,3,18
529,35,20,17
906,17,14,7
971,22,5,14
955,25,12,22
786,20,13,11
706,16,16,19
419,25,16,13
515,15,19,18
711,37,22,11
1059,15,4,15
589,15,13,23
614,18,18,25
450,37,13,16
578,1,12,24
51,33,19,23
636,3,17,21
712,22,10,20
167,21,7,18
175,27,21,19
22,4,14,14
983,35,7,20
845,1,21,11
245,4,1,22
137,24,14,18
304,29,3,17
90,22,9,11
382,23,11,13
167,21,23,17
1048,14,15,16
1004,8,23,14
862,16,5,15
95,35,19,22
458,24,4,14
530,26,20,23
621,7,13,17
896,25,6,22
320,38,22,17
692,26,7,17
292,26,16,22
702,30,8,20
304,2,25,17
569,9,24,19
244,39,9,19
859,11,9,26
425,15,19,15
733,12,23,16
88,35,19,17
1086,40,21,15
413,16,11,20
551,32,16,11
594,18,9,14
10,21,15,20
1080,16,11,14
268,7,8,13
386,5,3,20
585,33,14,19
1041,31,6,13
35,21,5,17
710,3,11,19
1003,10,10,15
803,11,20,19
463,22,11,13
200,17,6,16
290,25,8,17
1035,28,24,23
10,20,14,17
886,30,13,15
179,31,3,15
620,13,6,16
514,10,17,21
770,33,1,22
133,20,11,21
929,14,1,17
325,8,25,21
562,8,14,22
169,38,9,19
970,28,10,17
811,10,12,18
817,40,21,16
509,14,23,29
146,14,4,25
849,6,18,14
1016,34,11,21
993,17,22,10
409,21,16,15
951,39,18,22
815,28,7,14
981,38,20,21
977,15,4,20
605,36,2,20
67,36,9,20
711,9,12,25
960,35,19,15
939,18,22,15
421,17,9,25
341,18,24,11
180,4,25,17
1020,20,23,11
840,13,25,14
386,11,10,10
243,33,9,15
138,28,5,22
593,8,23,19
126,20,21,13
258,18,1,20
554,7,16,10
607,33,23,26
665,11,9,18
170,30,5,25
677,35,4,17
361,20,5,20
1002,37,4,15
549,10,25,12
711,30,14,21
134,18,8,16
370,25,13,12
863,32,21,18
174,39,11,19
1070,34,21,16
420,39,21,20
297,31,23,15
866,28,14,27
835,26,10,24
791,4,7,18
317,20,19,18
733,8,17,20
30,2,24,18
1045,27,4,16
144,34,20,17
830,36,25,18
572,21,14,11
627,8,23,17
759,23,12,16
922,8,11,19
362,5,23,18
531,40,24,20
526,1,1,19
63,21,9,9
811,10,1,19
195,2,10,15
683,21,11,14
853,13,5,27
1049,28,9,18
74,30,3,25
210,18,2,13
225,2,18,16
419,19,14,11
409,21,23,18
131,26,5,23
947,25,24,18
178,19,14,17
291,25,5,19
951,20,2,19
146,6,7,16
947,18,23,12
1054,18,18,21
40,20,16,15
1054,39,22,16
602,34,5,11
833,10,20,19
1036,33,12,17
78,19,13,16
394,2,8,26
1061,3,14,19
285,30,24,23
728,39,5,10
932,19,4,16
591,21,9,18
365,14,15,20
802,31,14,14
585,21,5,20
163,17,15,14
795,24,4,14
274,37,18,16
658,40,22,19
667,34,5,14
735,20,22,22
505,16,17,21
375,12,22,16
736,24,21,21
1069,13,14,24
1018,34,23,17
252,27,17,16
1040,38,19,24
328,21,13,16
656,3,13,20
823,14,13,16
815,38,2,14
73,37,15,11
623,30,22,16
395,10,1,9
863,1,15,12
437,39,16,26
633,28,11,24
859,19,3,23
199,30,20,23
727,20,22,10
356,20,21,15
1046,23,14,18
570,31,21,19
1011,32,5,19
469,26,17,20
328,14,24,20
626,6,2,19
567,33,22,16
367,8,7,22
180,4,10,16
393,13,10,16
975,35,20,17
1003,29,8,15
185,25,1,14
119,34,16,21
329,11,9,22
846,38,16,20
926,29,20,16
880,22,15,21
84,34,9,21
1007,11,12,14
438,28,2,18
663,8,10,19
698,24,24,19
324,10,21,23
985,15,23,14
190,39,16,17
979,39,5,23
572,21,13,9
421,36,22,21
802,36,7,16
803,20,9,20
661,13,22,19
279,2,17,20
553,27,17,25
255,7,17,22
477,26,5,18
464,30,6,14
505,19,6,12
202,40,9,15
465,21,10,11
534,26,17,24
1064,10,3,16
172,36,20,12
231,27,9,20
237,8,1,17
595,26,24,21
10,1,19,20
84,23,14,19
920,9,8,17
379,31,18,16
1069,7,6,13
637,9,2,31
502,7,7,16
616,28,6,15
40,34,11,13
710,16,23,18
993,10,25,22
240,24,10,26
